
drop table if exists users cascade;
drop table if exists categories cascade;
drop table if exists wallets cascade;
drop table if exists actions;
drop type if exists action_type;

CREATE TYPE action_type AS ENUM ('income', 'expense');

create table users (
	id uuid primary key default gen_random_uuid(),
	email varchar(256) unique not null,
	name varchar(256) not null,
	created_at timestamptz not null,
	updated_at timestamptz
);

create table wallets (
	id uuid primary key default gen_random_uuid(),
	name varchar(256) not null,
	action_type action_type not null,
	sort_priority integer,
	description varchar(256),
	start_date timestamptz,
	expected_per_month integer
	-- user_id uuid references users(id)
);

create table categories (
	id uuid primary key default gen_random_uuid(),
	name varchar(256) not null,
	sort_priority integer,
	description varchar(256),
	wallet_id uuid references wallets(id)
);

create table actions (
	id uuid primary key default gen_random_uuid(),
	value integer not null check (value >= 0),
	date timestamptz not null,
	description varchar(256),
	category_id uuid references categories(id)
);

insert into wallets (id, name, action_type, sort_priority, description, start_date, expected_per_month)
values ('f49aa626-b4bb-4a50-81ce-44bee11e4265', 'Ingreso', 'income', 0, null, null, null)
    ,('9c2a751a-df58-402e-a92f-e1179a8c810f', 'Libre', 'expense', 1, null, '2023-03-01T05:00:00.000Z', 2000000)
    ,('dbbd53a8-3fb7-4e49-b521-a436cd082de4', 'Obligación', 'expense', 10, null, '2023-03-01T05:00:00.000Z', 2800000)
    ,('e19895c1-182e-4c3e-94a7-cfb4fcc2d7a3', 'Deudas', 'expense', 5, null, '2023-03-01T05:00:00.000Z', 7000000)
    ;

insert into categories (id, name, sort_priority, description, wallet_id)
values ('4fb2e3be-b15b-480f-8524-18ac7c3a3b6a', 'Retiro', 0, null, '9c2a751a-df58-402e-a92f-e1179a8c810f')
    ,('7f1d9b81-dd8a-47c8-a32f-1345c88c4f15', 'Admon', 5, 'Administración edificio biel', 'dbbd53a8-3fb7-4e49-b521-a436cd082de4')
    ,('180bf572-802d-40d3-a444-ed2dd5946e5e', 'Mom', 4, null, '9c2a751a-df58-402e-a92f-e1179a8c810f')
    ,('1402b8fd-d7f9-4668-8571-9319cda86422', 'PG', 2.5, null, '9c2a751a-df58-402e-a92f-e1179a8c810f')
    ,('9ef81cf5-f8e7-4c0f-8758-81ccacc934cc', 'Personal', 2, null, '9c2a751a-df58-402e-a92f-e1179a8c810f')
    ,('4b42d234-7ff1-427c-9630-465493b6ebd4', 'Datos', 5, null, 'dbbd53a8-3fb7-4e49-b521-a436cd082de4')
    ,('a66f79db-f344-4365-ad19-0ef52a4fc841', 'Internet', 7, null, 'dbbd53a8-3fb7-4e49-b521-a436cd082de4')
    ,('0b135e7a-00ff-411a-b0fd-6b24a85d0d62', 'Gas', 7, null, 'dbbd53a8-3fb7-4e49-b521-a436cd082de4')
    ,('fb54d1a9-f7cc-4605-8512-b84d987cc372', 'Luz', 9, 'recibo de luz', 'dbbd53a8-3fb7-4e49-b521-a436cd082de4')
    ,('2c2291a6-5618-47b6-a30f-aebd370269c2', 'Agua', 8, null, 'dbbd53a8-3fb7-4e49-b521-a436cd082de4')
    ,('0f5fd820-7735-4a28-bcb3-096db83d03e8', 'Carro', 2, 'Impuestos, seguros, gasolina, mantenimientos, compras', 'dbbd53a8-3fb7-4e49-b521-a436cd082de4')
    ,('42904060-7aac-4aee-9089-e33af992a658', 'Ocio', 1, null, '9c2a751a-df58-402e-a92f-e1179a8c810f')
    ,('b0c2dbc8-b625-416c-a03c-27c9b46015a2', 'Casa', 3, 'Comida, artículos de casa, mantenimientos', 'dbbd53a8-3fb7-4e49-b521-a436cd082de4')
    ,('0df5a64a-0d25-40d9-a184-2615f247be2a', 'Préstamo Casa', 0, null, 'e19895c1-182e-4c3e-94a7-cfb4fcc2d7a3')
    ,('1e35bcba-1e6b-4467-b164-1cecbc380247', 'Préstamo Carro', 0, null, 'e19895c1-182e-4c3e-94a7-cfb4fcc2d7a3')
    ,('fe18f6f7-b589-4692-8deb-48d603748be7', 'Otro', 0, null, '9c2a751a-df58-402e-a92f-e1179a8c810f')
    ,('c17b8861-674d-4476-b4ca-56af28e445e6', 'Pago', 0, 'Cuando alguien te paga', 'f49aa626-b4bb-4a50-81ce-44bee11e4265')
    ,('961e36c9-a79a-404e-b0bf-69ef99e9af92', 'Inversión', 0, 'Ingresos por inversión', 'f49aa626-b4bb-4a50-81ce-44bee11e4265')
    ,('aabff692-d707-474d-8558-82b1793db187', 'Salario', 0, null, 'f49aa626-b4bb-4a50-81ce-44bee11e4265')
    ;

insert into actions (id, value, date, description, category_id)
values ('5a5317f7-49b5-45e8-a1d1-51c980d62fe7', 143830, '2023-10-15T07:49:49.171Z', null, '42904060-7aac-4aee-9089-e33af992a658'),('186eb0a6-ee21-425c-a66d-e90b79598f35', 233815, '2023-10-15T07:44:01.239Z', null, '42904060-7aac-4aee-9089-e33af992a658'),('1027d311-6600-4c20-851c-fd398d873e7a', 114722, '2023-10-15T03:40:18.555Z', null, '42904060-7aac-4aee-9089-e33af992a658'),('90a6797f-4fa4-44b2-a364-a74f747d7037', 19980, '2023-10-14T21:59:58.621Z', null, 'b0c2dbc8-b625-416c-a03c-27c9b46015a2'),('766e40af-3a82-46b3-9096-f19ae835226f', 63273, '2023-10-14T02:12:05.457Z', null, 'b0c2dbc8-b625-416c-a03c-27c9b46015a2'),('9de0059e-9005-4490-baf6-670231babf6a', 80000, '2023-10-12T03:08:38.413Z', null, '0f5fd820-7735-4a28-bcb3-096db83d03e8'),('c1497aa5-8e95-4702-9f64-6f9c043266db', 126486, '2023-10-10T23:10:37.309Z', null, 'b0c2dbc8-b625-416c-a03c-27c9b46015a2'),('451c50a8-c05a-48c4-b6fd-16fb303b0a26', 400000, '2023-10-10T21:41:55.566Z', 'Prestamo', 'fe18f6f7-b589-4692-8deb-48d603748be7'),('fb60cf91-3ebb-425f-9f96-9b1a409e329e', 68000, '2023-10-10T04:16:12.890Z', null, '42904060-7aac-4aee-9089-e33af992a658'),('dbc65338-5880-47de-9079-513713ae5280', 16900, '2023-10-10T03:53:02.804Z', null, '42904060-7aac-4aee-9089-e33af992a658'),('2d5ea890-38c1-4265-ba12-05475c845bca', 190000, '2023-10-10T00:33:53.756Z', null, '42904060-7aac-4aee-9089-e33af992a658'),('3c13dada-3edd-48e0-927d-0a394b7b56c9', 198000, '2023-10-09T22:05:51.742Z', null, '9ef81cf5-f8e7-4c0f-8758-81ccacc934cc'),('d2ee83f8-5f8c-4124-905b-bbbd59a3c2c0', 17531, '2023-10-08T22:25:42.121Z', null, '42904060-7aac-4aee-9089-e33af992a658'),('d9ca18fb-a35c-4811-99f8-fabf1e10f218', 35940, '2023-10-08T22:25:12.320Z', null, '42904060-7aac-4aee-9089-e33af992a658'),('320c0980-1a99-4156-9d3c-b10b8719bc06', 277107, '2023-10-07T21:17:42.366Z', null, '42904060-7aac-4aee-9089-e33af992a658'),('2b6c5ae2-4333-46c9-98a1-951e593ddb40', 5500, '2023-10-06T21:49:53.421Z', null, 'fe18f6f7-b589-4692-8deb-48d603748be7'),('7af2d8f1-4b26-45ab-a247-511b551952ed', 400000, '2023-10-06T21:49:43.583Z', null, '1402b8fd-d7f9-4668-8571-9319cda86422'),('8e7a93a3-55c5-4c15-9198-6f44fc3340c4', 700000, '2023-10-06T20:05:55.030Z', null, '1402b8fd-d7f9-4668-8571-9319cda86422'),('5d08c658-bc87-4763-b164-bebe371087b9', 20000, '2023-10-06T01:16:44.431Z', null, '1402b8fd-d7f9-4668-8571-9319cda86422'),('c976398b-8499-42f4-9479-f26d5f121361', 489015, '2023-10-05T22:21:11.613Z', 'Mantenimiento ', '0f5fd820-7735-4a28-bcb3-096db83d03e8'),('f3523bc2-2ce6-4139-ac69-699e617703b4', 361000, '2023-10-05T15:39:23.317Z', null, '7f1d9b81-dd8a-47c8-a32f-1345c88c4f15'),('d34f14ef-c29a-4bf3-9888-53357abe2c8d', 60000, '2023-10-05T03:09:58.949Z', null, '0f5fd820-7735-4a28-bcb3-096db83d03e8'),('b734196b-be0b-430e-9c25-36ebbd866f6b', 50000, '2023-10-04T19:34:34.696Z', null, '1402b8fd-d7f9-4668-8571-9319cda86422'),('032e07b2-5938-4be2-af23-8c07eec33581', 50000, '2023-10-04T18:27:12.711Z', null, '1402b8fd-d7f9-4668-8571-9319cda86422'),('50c094b3-97a4-48b1-90e2-0211b9d5c7ca', 43000, '2023-10-04T02:26:29.600Z', null, '1402b8fd-d7f9-4668-8571-9319cda86422'),('b9f06a91-92b0-44a9-b181-18448fd92424', 13000, '2023-10-04T01:44:51.492Z', null, '42904060-7aac-4aee-9089-e33af992a658'),('1a0b06ae-329a-4703-9e40-c012fe9dde2b', 800000, '2023-10-03T22:19:56.527Z', null, '180bf572-802d-40d3-a444-ed2dd5946e5e'),('76a8c2fc-fdd6-49f1-8f42-33fe42e09bf2', 116694, '2023-10-03T01:49:59.853Z', null, 'b0c2dbc8-b625-416c-a03c-27c9b46015a2'),('142e7c9a-e939-469b-b263-4c12f167f558', 200000, '2023-10-03T00:36:24.182Z', null, '1402b8fd-d7f9-4668-8571-9319cda86422'),('8380f8c8-bed7-4d5b-969b-a5289d0f4a25', 50000, '2023-10-02T17:46:00.631Z', null, '1402b8fd-d7f9-4668-8571-9319cda86422'),('e4cdcbe5-d89c-4ba9-92da-6a4d0062b146', 500000, '2023-10-02T05:00:00.000Z', null, '4fb2e3be-b15b-480f-8524-18ac7c3a3b6a'),('193f8cbb-149b-4337-ab2a-4f2e62f7900a', 16900, '2023-10-02T13:27:42.406Z', null, '42904060-7aac-4aee-9089-e33af992a658'),('80f5af01-3895-43bd-a92d-3bcbc2e047ac', 33200, '2023-10-02T03:54:22.236Z', null, '42904060-7aac-4aee-9089-e33af992a658'),('c46ece10-7d6a-4eb3-812f-245ff2c57309', 30000, '2023-10-02T01:06:10.792Z', null, '42904060-7aac-4aee-9089-e33af992a658'),('acbdb23e-6fb4-433e-a945-6a1e4e409e56', 14000, '2023-10-02T01:04:44.200Z', null, '42904060-7aac-4aee-9089-e33af992a658'),('30d9b4dd-95e2-4324-906a-01d5afeabf67', 59000, '2023-10-01T23:21:32.005Z', null, '42904060-7aac-4aee-9089-e33af992a658'),('dedd3f18-9700-4ec5-9a84-6715b8e0a576', 60000, '2023-10-01T16:06:48.905Z', null, '42904060-7aac-4aee-9089-e33af992a658'),('3bc9a01d-92c6-48c6-b832-106cc149192b', 60000, '2023-10-01T14:39:04.786Z', null, '42904060-7aac-4aee-9089-e33af992a658'),('d32fbe74-49ac-468e-920f-4ffbed67171f', 150000, '2023-10-01T14:04:14.346Z', null, '42904060-7aac-4aee-9089-e33af992a658'),('24e1c914-841e-48f8-ba46-4ea63c057210', 91778, '2023-10-01T05:33:29.738Z', null, '42904060-7aac-4aee-9089-e33af992a658'),('2d14fcf9-84f2-4d7b-adae-c90d7c207ae2', 122370, '2023-10-01T00:05:08.879Z', null, '42904060-7aac-4aee-9089-e33af992a658'),('66b5b8ae-176d-4b45-839b-bf77a1dbe10e', 500000, '2023-09-30T21:02:16.847Z', null, '4fb2e3be-b15b-480f-8524-18ac7c3a3b6a'),('8d792eb2-450a-4831-9e02-eb624170de0b', 107816, '2023-09-30T19:35:44.232Z', null, '0f5fd820-7735-4a28-bcb3-096db83d03e8'),('eca398b7-8c55-4b4e-b44c-31b037971db4', 101000, '2023-09-30T18:41:41.456Z', null, '42904060-7aac-4aee-9089-e33af992a658'),('c7adcbff-e4ff-44e1-8d2a-518719bbebfd', 20000, '2023-09-30T17:44:11.809Z', null, '9ef81cf5-f8e7-4c0f-8758-81ccacc934cc'),('756662e7-60a2-4635-bf2a-62900d25b990', 60901, '2023-09-30T04:04:10.450Z', null, 'b0c2dbc8-b625-416c-a03c-27c9b46015a2'),('48cc430f-0fe4-44fe-b1fe-8c5f13b87648', 22000, '2023-09-30T01:09:12.497Z', null, '42904060-7aac-4aee-9089-e33af992a658'),('0e543f37-0bd3-441c-bfc4-5a9e9dee9a69', 8700, '2023-09-30T01:01:30.191Z', null, '42904060-7aac-4aee-9089-e33af992a658'),('75f16c20-2439-4bfc-8ddd-c5e95113a002', 58060, '2023-09-30T01:01:22.571Z', null, '42904060-7aac-4aee-9089-e33af992a658'),('2945a86d-f3bd-4fb3-923c-7cf0854cdac4', 74800, '2023-09-29T21:35:55.664Z', null, '42904060-7aac-4aee-9089-e33af992a658'),('53682765-b7a1-4fac-adc8-aafb8431610e', 600000, '2023-10-01T05:00:00.000Z', 'Valentina', '42904060-7aac-4aee-9089-e33af992a658'),('867bc993-7069-4ddb-bf83-e74017873a55', 23790, '2023-09-29T06:03:57.761Z', null, 'b0c2dbc8-b625-416c-a03c-27c9b46015a2'),('ff9bea06-e646-40e3-ac03-a09e91d60363', 100000, '2023-09-29T02:00:44.374Z', null, '0f5fd820-7735-4a28-bcb3-096db83d03e8'),('fd50ac68-2a97-4cf4-b277-ce61343b9b02', 101500, '2023-09-29T01:51:12.290Z', null, '42904060-7aac-4aee-9089-e33af992a658'),('770b2b8f-ec93-4580-8ef0-8270692db6b5', 50000, '2023-09-29T00:21:04.399Z', null, '1402b8fd-d7f9-4668-8571-9319cda86422'),('276614dc-4eb3-425f-b9c8-700ed6ebe2ba', 275000, '2023-09-28T21:22:56.056Z', null, '1402b8fd-d7f9-4668-8571-9319cda86422'),('fb23f2f8-f241-4596-bd43-717f32e71bea', 3219766, '2023-09-28T15:45:27.915Z', null, '1e35bcba-1e6b-4467-b164-1cecbc380247'),('b579a5c0-2b7a-40ba-9b2a-946c4acfdd55', 1914151, '2023-09-28T15:39:33.976Z', null, '0df5a64a-0d25-40d9-a184-2615f247be2a'),('081c031d-0f31-4115-88ef-227cdeac8728', 1914151, '2023-09-28T15:39:20.389Z', null, 'aabff692-d707-474d-8558-82b1793db187'),('f26dac00-b68d-4b9c-a2bd-3f43868c9cca', 11042809, '2023-09-28T15:36:58.930Z', null, 'aabff692-d707-474d-8558-82b1793db187'),('9d568ae7-393b-4dfc-9af8-ed74592307af', 20000, '2023-09-28T10:39:53.290Z', null, '1402b8fd-d7f9-4668-8571-9319cda86422'),('a7763ab3-bb81-4ca3-b8d5-4bf8beef4d26', 62777, '2023-09-27T01:26:14.013Z', null, 'b0c2dbc8-b625-416c-a03c-27c9b46015a2'),('6a33142d-f501-4d62-9cc9-97ae9d51629c', 157333, '2023-09-24T07:32:58.729Z', null, '42904060-7aac-4aee-9089-e33af992a658'),('52c6a27a-1b68-434c-972f-4a42d5e3f86c', 66472, '2023-09-24T00:27:30.322Z', null, '42904060-7aac-4aee-9089-e33af992a658'),('8b376207-76ff-4393-a923-da86cfc8c078', 25000, '2023-09-23T22:05:18.332Z', null, '42904060-7aac-4aee-9089-e33af992a658'),('856952bf-b905-4f4b-9977-f9f36d07c303', 218310, '2023-09-23T20:21:43.349Z', null, 'fb54d1a9-f7cc-4605-8512-b84d987cc372'),('30e02b50-7e06-458d-908f-f86e11b6368c', 90000, '2023-09-23T17:52:45.208Z', null, '0f5fd820-7735-4a28-bcb3-096db83d03e8'),('6ccf6d78-726c-4698-bdc2-916c63aadebf', 127833, '2023-09-23T06:46:11.033Z', null, '42904060-7aac-4aee-9089-e33af992a658'),('5dd90a82-73c0-4666-a48a-7ff9d92f16de', 90000, '2023-09-23T04:50:48.843Z', null, '42904060-7aac-4aee-9089-e33af992a658'),('d55e957d-6f0a-4c39-8def-c1a9fe33fb8c', 88500, '2023-09-23T04:50:28.108Z', null, '42904060-7aac-4aee-9089-e33af992a658'),('f29c166f-fd5a-48ad-90d8-4ffa650a236f', 38500, '2023-09-22T15:44:22.254Z', null, '4b42d234-7ff1-427c-9630-465493b6ebd4'),('b426e925-f9e3-4303-991c-cba60a12f950', 86277, '2023-09-22T15:43:06.936Z', null, 'a66f79db-f344-4365-ad19-0ef52a4fc841'),('657e3a81-aab6-4a7e-8c6f-b24cd93c5f30', 73344, '2023-09-22T15:41:35.709Z', null, 'a66f79db-f344-4365-ad19-0ef52a4fc841'),('497915ae-9f0a-4a33-988c-785b9944932e', 14588, '2023-09-22T15:39:19.391Z', null, '0b135e7a-00ff-411a-b0fd-6b24a85d0d62'),('b2505d60-ad4c-4a8a-851f-4e5546c16158', 156121, '2023-09-22T15:35:41.798Z', null, '2c2291a6-5618-47b6-a30f-aebd370269c2'),('a8093013-0b4d-4893-bd65-f45c3a1a5f3b', 168000, '2023-09-22T15:32:42.320Z', null, '42904060-7aac-4aee-9089-e33af992a658'),('ca92da4e-9385-43e1-bf72-ed2a5c3f9b5c', 133932, '2023-09-22T02:08:16.278Z', null, 'b0c2dbc8-b625-416c-a03c-27c9b46015a2'),('f052ad12-0dbc-4f3f-973c-078b97d1bc41', 57200, '2023-09-21T01:35:55.305Z', null, '42904060-7aac-4aee-9089-e33af992a658'),('ee0ecfb1-a998-4dcf-acdb-4ea0f2f81754', 58490, '2023-09-20T22:41:50.657Z', null, '42904060-7aac-4aee-9089-e33af992a658'),('a33c1cc5-8fca-403d-9f35-e9a503f9c04c', 32000, '2023-09-20T01:22:18.974Z', null, '42904060-7aac-4aee-9089-e33af992a658'),('b6e1455e-f402-4bcb-a31b-9d821fec2685', 200000, '2023-09-19T22:09:24.498Z', null, '1402b8fd-d7f9-4668-8571-9319cda86422'),('17e12c0d-3595-4b93-9f28-35ea38ad47c6', 20000, '2023-09-19T20:34:20.521Z', null, '42904060-7aac-4aee-9089-e33af992a658'),('e5f238c1-16af-4952-a0ab-359700855fc5', 80000, '2023-09-19T02:39:06.255Z', null, '0f5fd820-7735-4a28-bcb3-096db83d03e8'),('67b8ce38-833e-4bd6-a6e9-3c9934d656b3', 27847, '2023-09-17T21:56:01.466Z', null, 'b0c2dbc8-b625-416c-a03c-27c9b46015a2'),('0553da21-408c-4d1b-9471-e07c98c77092', 300000, '2023-09-17T21:48:07.349Z', null, '4fb2e3be-b15b-480f-8524-18ac7c3a3b6a'),('81819804-b349-4808-a7d1-a34603b8339b', 412000, '2023-09-17T16:12:35.567Z', 'Soat picanto', 'fe18f6f7-b589-4692-8deb-48d603748be7'),('adb82937-31e6-400c-9407-99023f3b7497', 125757, '2023-09-17T02:28:40.219Z', null, '42904060-7aac-4aee-9089-e33af992a658'),('30e20668-a7a7-4406-911f-77960a0a6785', 32800, '2023-09-17T01:04:33.911Z', null, '42904060-7aac-4aee-9089-e33af992a658'),('ba17a396-d257-49ce-bd59-3ed7678cfeb6', 317260, '2023-09-16T22:45:47.379Z', null, '42904060-7aac-4aee-9089-e33af992a658'),('e0f2a617-7bb4-4c39-bd37-c7b720e18c0f', 67600, '2023-09-16T22:18:16.371Z', null, '42904060-7aac-4aee-9089-e33af992a658'),('0cff2b35-a519-413c-b8f0-eac549537fa9', 93600, '2023-09-16T19:11:06.621Z', null, '42904060-7aac-4aee-9089-e33af992a658'),('14adfc83-0960-41af-86fc-67437d89e197', 103600, '2023-09-16T17:52:51.463Z', null, '42904060-7aac-4aee-9089-e33af992a658'),('58d2cafe-9ce2-4acd-a074-5ab30a55e270', 159970, '2023-09-16T16:54:41.570Z', null, '42904060-7aac-4aee-9089-e33af992a658'),('d7198de3-7fe2-4333-abda-8ed0da97feee', 36400, '2023-09-15T05:32:56.672Z', null, '42904060-7aac-4aee-9089-e33af992a658'),('f16746c8-6ced-48cb-b57c-dd56215a59be', 150000, '2023-09-15T00:36:38.450Z', null, '0f5fd820-7735-4a28-bcb3-096db83d03e8'),('d5ec9f2e-6393-49e7-b80e-5f93d2096572', 35000, '2023-09-14T23:00:52.903Z', null, '9ef81cf5-f8e7-4c0f-8758-81ccacc934cc'),('e49fb4f6-54b3-4b07-91f3-eeebf5b4144e', 53251, '2023-09-13T03:25:23.153Z', null, 'b0c2dbc8-b625-416c-a03c-27c9b46015a2'),('13d89da4-984d-4e7e-aa07-3125b58b89d8', 80000, '2023-09-12T05:00:00.718Z', null, '0f5fd820-7735-4a28-bcb3-096db83d03e8'),('db416fc3-1765-4f9a-985d-d3af7d6dd6cb', 86900, '2023-09-12T04:59:47.218Z', null, '42904060-7aac-4aee-9089-e33af992a658'),('e2a51b93-8240-4776-800b-026c96b65473', 160000, '2023-09-12T03:43:04.590Z', null, '42904060-7aac-4aee-9089-e33af992a658'),('03f3218e-aa60-4ccb-bc19-b0e32e19ae2f', 36572, '2023-09-10T00:52:03.887Z', null, 'b0c2dbc8-b625-416c-a03c-27c9b46015a2'),('380073f6-4dbe-4ec9-8cb6-7699d2071c02', 15800, '2023-09-09T12:29:04.449Z', null, '42904060-7aac-4aee-9089-e33af992a658'),('81124a23-e443-4a67-9b02-79ba16279fb8', 45889, '2023-09-09T12:28:49.019Z', null, '42904060-7aac-4aee-9089-e33af992a658'),('a203df8b-4b5b-489b-bd70-a59f24d29917', 99426, '2023-09-09T12:28:37.516Z', null, '42904060-7aac-4aee-9089-e33af992a658'),('b246c6ef-48db-45de-9645-33811ec062c3', 800000, '2023-09-07T21:26:24.356Z', null, '0f5fd820-7735-4a28-bcb3-096db83d03e8'),('76f4accf-bd19-4cf7-84e8-560fae3bb18f', 361000, '2023-09-07T03:33:41.557Z', null, '7f1d9b81-dd8a-47c8-a32f-1345c88c4f15'),('1a811f87-690f-4189-b231-29778950ffed', 96095, '2023-09-07T02:59:36.921Z', null, 'b0c2dbc8-b625-416c-a03c-27c9b46015a2'),('9a5383cb-aca6-4a0f-b282-1be2d85c42a3', 82500, '2023-09-04T05:59:25.143Z', null, '42904060-7aac-4aee-9089-e33af992a658'),('51ddf43d-e805-4461-986a-027eae82e9b8', 80000, '2023-09-04T03:06:58.852Z', null, '0f5fd820-7735-4a28-bcb3-096db83d03e8'),('43697c2b-e22d-40c9-a790-b03ee4f287ff', 800000, '2023-09-02T21:46:39.164Z', null, '180bf572-802d-40d3-a444-ed2dd5946e5e'),('63e1a3b9-16ef-4012-9a48-8ecea6b8e085', 66221, '2023-09-02T21:32:55.835Z', null, 'b0c2dbc8-b625-416c-a03c-27c9b46015a2'),('0415b979-0399-4208-abc7-154be00c83b3', 16900, '2023-09-02T13:14:13.110Z', null, '42904060-7aac-4aee-9089-e33af992a658'),('086bbae0-3958-4c97-87c2-a0d6ccb368dd', 300000, '2023-09-01T02:53:46.542Z', null, '4fb2e3be-b15b-480f-8524-18ac7c3a3b6a'),('b2b7baa0-f869-49f0-a910-eb8d1e43d079', 1914151, '2023-08-30T16:07:35.618Z', null, '0df5a64a-0d25-40d9-a184-2615f247be2a'),('2d8a1c5e-39a2-42e8-b33d-85a210f30243', 3219766, '2023-08-30T16:07:11.494Z', null, '1e35bcba-1e6b-4467-b164-1cecbc380247'),('0dcc6c75-7506-442a-9e27-e3bfd4f3efed', 1914151, '2023-08-30T16:00:23.619Z', null, 'aabff692-d707-474d-8558-82b1793db187'),('3ea5c45d-ea90-4395-ac95-2ddad86e2a45', 11042809, '2023-08-30T16:00:11.954Z', null, 'aabff692-d707-474d-8558-82b1793db187'),('e5693b63-ad26-4f51-8ba0-dc4908636045', 0, '2023-08-30T15:55:25.836Z', '1400', 'a66f79db-f344-4365-ad19-0ef52a4fc841'),('d630ec38-6c1c-4e61-a34f-13782a68c52e', 234890, '2023-08-30T15:50:40.237Z', null, 'fb54d1a9-f7cc-4605-8512-b84d987cc372'),('a7a9d04f-65ac-4fc8-8227-5d6e2e7e111b', 46790, '2023-08-27T22:20:35.667Z', null, 'b0c2dbc8-b625-416c-a03c-27c9b46015a2'),('e1661999-3088-4da7-ac9e-b3d29be5787f', 30000, '2023-08-27T20:53:44.584Z', null, '1402b8fd-d7f9-4668-8571-9319cda86422'),('226c44b5-ccf5-40d9-b862-95135bb99855', 15900, '2023-08-27T04:35:21.919Z', null, '42904060-7aac-4aee-9089-e33af992a658'),('6857dc2d-2d96-4f09-b650-5c78d1c7d395', 11000, '2023-08-25T19:24:00.481Z', null, '1402b8fd-d7f9-4668-8571-9319cda86422'),('0e2da314-bdec-45be-833f-78733b5a453d', 112050, '2023-08-25T03:21:41.368Z', null, 'b0c2dbc8-b625-416c-a03c-27c9b46015a2'),('08c74a2e-1d04-42d9-a5e4-c4eb49bd132c', 500000, '2023-08-24T06:54:24.625Z', null, '1402b8fd-d7f9-4668-8571-9319cda86422'),('a222fe9d-899b-4dca-83df-ffe57d4e5734', 68000, '2023-08-24T06:52:44.768Z', null, '42904060-7aac-4aee-9089-e33af992a658'),('2db44372-bb6e-4ba8-b68d-265e94fffbbb', 38000, '2023-08-24T06:49:48.646Z', null, '42904060-7aac-4aee-9089-e33af992a658'),('ad9d3373-d321-41a2-9291-c3389721c4df', 87627, '2023-08-24T03:10:54.634Z', null, '42904060-7aac-4aee-9089-e33af992a658'),('50a73f6c-8802-4057-973a-b67bb78ea017', 80000, '2023-08-22T05:39:04.513Z', null, '0f5fd820-7735-4a28-bcb3-096db83d03e8'),('9902278e-53b3-4468-a08a-2ea0b353f217', 79900, '2023-08-22T02:21:48.344Z', null, '9ef81cf5-f8e7-4c0f-8758-81ccacc934cc'),('0d44d725-9349-4901-990a-f9f4a8758633', 73800, '2023-08-22T01:53:37.213Z', null, '42904060-7aac-4aee-9089-e33af992a658'),('e2934c4f-a1ba-4eb7-89e9-c3514d79522f', 8400, '2023-08-21T21:38:49.320Z', null, '1402b8fd-d7f9-4668-8571-9319cda86422'),('0aeba031-2907-4b2f-84f2-f650983f6d9d', 17000, '2023-08-21T01:41:20.425Z', null, '1402b8fd-d7f9-4668-8571-9319cda86422'),('0e008022-27bb-4316-a874-d40ff61e15db', 20000, '2023-08-20T20:42:48.616Z', null, '1402b8fd-d7f9-4668-8571-9319cda86422'),('2588ef8b-6465-4d11-b480-2542f47d6dae', 11740, '2023-08-20T03:34:49.966Z', null, '0b135e7a-00ff-411a-b0fd-6b24a85d0d62'),('a3533698-c000-4c76-96b9-b32219d72bd2', 372465, '2023-08-19T09:44:24.094Z', null, '42904060-7aac-4aee-9089-e33af992a658'),('4638b0c5-c80b-47c2-8322-ac8d3f2bc3b6', 180000, '2023-08-17T20:38:05.410Z', null, '1402b8fd-d7f9-4668-8571-9319cda86422'),('ade506c2-1273-42bb-b0a7-6b1b2921357d', 60000, '2023-08-17T19:41:55.426Z', null, '1402b8fd-d7f9-4668-8571-9319cda86422'),('00ed1a70-edc3-4b0f-88e9-e0c0ebe482ff', 158314, '2023-08-17T17:35:43.972Z', null, '2c2291a6-5618-47b6-a30f-aebd370269c2'),('be228319-54b0-45fb-bfbc-c50025718575', 38500, '2023-08-17T17:32:50.141Z', null, '4b42d234-7ff1-427c-9630-465493b6ebd4'),('7aa7b869-40a8-4fa1-87d5-f3b1d8e7d252', 83707, '2023-08-17T17:32:33.194Z', null, 'a66f79db-f344-4365-ad19-0ef52a4fc841'),('0dc41cfc-32fa-465d-ab16-60a3c5e306e8', 73344, '2023-08-17T17:29:34.982Z', null, 'a66f79db-f344-4365-ad19-0ef52a4fc841'),('a5e91998-29b0-4234-8e5f-586a0b56fe41', 24000, '2023-08-16T21:25:54.744Z', null, '1402b8fd-d7f9-4668-8571-9319cda86422'),('890998c4-6e49-45e2-a3c6-3663e38d1536', 30000, '2023-08-16T02:25:27.031Z', null, '42904060-7aac-4aee-9089-e33af992a658'),('788f1538-61b4-4301-8c13-f8c493180390', 60000, '2023-08-16T01:56:10.659Z', null, '42904060-7aac-4aee-9089-e33af992a658'),('66579523-b5d0-4d56-bec1-86a8ea96c063', 25100, '2023-08-13T21:52:18.018Z', null, 'b0c2dbc8-b625-416c-a03c-27c9b46015a2'),('3f70fb9f-a8a2-42f8-ae09-1157edf6067c', 70200, '2023-08-12T18:45:12.221Z', null, 'b0c2dbc8-b625-416c-a03c-27c9b46015a2'),('9e078986-a40d-4876-81e7-b4433ce2ba1c', 144145, '2023-08-12T17:22:44.826Z', null, 'b0c2dbc8-b625-416c-a03c-27c9b46015a2'),('71f93e5d-4723-41b5-b102-1959485cb08f', 40000, '2023-08-11T21:33:19.148Z', null, '1402b8fd-d7f9-4668-8571-9319cda86422'),('e58ef430-9384-48b0-9982-7be2bebc3f1d', 250000, '2023-08-10T20:27:31.446Z', null, '1402b8fd-d7f9-4668-8571-9319cda86422'),('205282be-69b9-4085-822a-a8176fcbacdd', 361000, '2023-08-10T17:06:40.980Z', null, '7f1d9b81-dd8a-47c8-a32f-1345c88c4f15'),('18b575cf-3c47-4fc9-be32-293141791beb', 67650, '2023-08-10T16:50:51.130Z', null, 'b0c2dbc8-b625-416c-a03c-27c9b46015a2'),('9eaeb31d-66f4-48a9-9e6b-d7850c946cec', 45800, '2023-08-10T16:50:32.043Z', null, '42904060-7aac-4aee-9089-e33af992a658'),('e7b363c9-40d1-4bd5-b5cc-1c813ccc591f', 30000, '2023-08-08T02:56:37.976Z', null, '42904060-7aac-4aee-9089-e33af992a658'),('f7824097-5e87-4414-a585-4291a5de8834', 45803, '2023-08-05T22:51:45.369Z', null, 'b0c2dbc8-b625-416c-a03c-27c9b46015a2'),('9ba42591-0c33-4b1f-8710-f99f383498ab', 400000, '2023-08-05T22:10:22.789Z', null, '4fb2e3be-b15b-480f-8524-18ac7c3a3b6a'),('f5081597-aeb0-4287-9c48-ad20cdada759', 91778, '2023-08-05T04:14:45.905Z', null, '42904060-7aac-4aee-9089-e33af992a658'),('88687072-4067-4203-8cd1-ef0d36acba00', 300000, '2023-08-03T02:52:39.660Z', null, '4fb2e3be-b15b-480f-8524-18ac7c3a3b6a'),('f980e7de-1aa6-4437-b4cd-dd41df508999', 800000, '2023-08-02T21:28:51.866Z', null, '180bf572-802d-40d3-a444-ed2dd5946e5e'),('91c72864-72eb-420b-93bb-20d07324f50a', 16900, '2023-08-02T16:32:19.931Z', null, '42904060-7aac-4aee-9089-e33af992a658'),('57324b4a-58b0-47c7-b4b3-f3ef2a7113f4', 200000, '2023-08-02T00:37:48.155Z', 'Ag', 'fe18f6f7-b589-4692-8deb-48d603748be7'),('1bd8075d-ca08-461c-9913-0d309955b5e3', 134099, '2023-08-01T03:11:32.297Z', null, '0f5fd820-7735-4a28-bcb3-096db83d03e8'),('5b07c281-aa76-46fd-aa11-e8259249319e', 322319, '2023-07-31T17:23:17.036Z', null, 'b0c2dbc8-b625-416c-a03c-27c9b46015a2'),('cc48a641-01d6-4019-aee9-2e26943ee201', 77000, '2023-07-31T02:50:56.474Z', null, '42904060-7aac-4aee-9089-e33af992a658'),('72398a74-e3cb-402e-bc45-f102e70847f6', 92903, '2023-07-28T18:32:28.855Z', 'Predial', 'b0c2dbc8-b625-416c-a03c-27c9b46015a2'),('ce7d530f-1674-443b-9304-090ec45feb1f', 1746577, '2023-07-28T18:29:06.296Z', 'Predial', 'b0c2dbc8-b625-416c-a03c-27c9b46015a2'),('61a69300-6893-467c-a101-f15a9fa06d4c', 3219766, '2023-07-28T18:19:41.741Z', null, '1e35bcba-1e6b-4467-b164-1cecbc380247'),('eb27cd89-a245-4363-8b90-11900bce2aa6', 1914151, '2023-07-28T17:58:25.354Z', null, '0df5a64a-0d25-40d9-a184-2615f247be2a'),('ad1f82f2-a7d4-4895-bf12-58388bf19672', 1914151, '2023-07-28T17:58:16.517Z', null, 'aabff692-d707-474d-8558-82b1793db187'),('6a8a0e4d-35c6-4b34-9851-c8ac384aaa56', 11042809, '2023-07-28T17:51:44.447Z', null, 'aabff692-d707-474d-8558-82b1793db187'),('bc44fb16-ee47-461d-b438-c93075ce6e01', 23000, '2023-07-26T04:11:14.924Z', null, '42904060-7aac-4aee-9089-e33af992a658'),('d54680b1-3c5a-46d3-a596-a1ad10d12cb1', 80000, '2023-07-26T03:10:11.375Z', null, '0f5fd820-7735-4a28-bcb3-096db83d03e8'),('4e11d84f-57ce-4afe-84b1-07b38e81c79e', 7800, '2023-07-26T00:44:32.593Z', null, '1402b8fd-d7f9-4668-8571-9319cda86422'),('f4923490-b966-4e9d-b650-1388b908ee95', 5550, '2023-07-25T22:49:24.116Z', 'Avance ', 'fe18f6f7-b589-4692-8deb-48d603748be7'),('c6a8120f-178e-4aee-b2f5-87f44f381807', 160000, '2023-07-25T19:49:10.518Z', null, '4fb2e3be-b15b-480f-8524-18ac7c3a3b6a'),('d9ef78a0-13eb-4bd9-9fcf-d1f02ae2b31d', 200000, '2023-07-25T02:49:48.817Z', null, '4fb2e3be-b15b-480f-8524-18ac7c3a3b6a'),('e88a7607-7fe5-4a06-aa33-4d9a35a99f16', 71510, '2023-07-24T15:31:42.388Z', null, 'a66f79db-f344-4365-ad19-0ef52a4fc841'),('263b95bf-66f5-4501-a848-9f5628bdf6f6', 150000, '2023-07-23T20:19:08.735Z', null, '1402b8fd-d7f9-4668-8571-9319cda86422'),('d9b6b952-2df9-42b3-a678-135619e16dd6', 110000, '2023-07-23T18:44:48.326Z', null, '42904060-7aac-4aee-9089-e33af992a658'),('39cc61ed-d265-40ab-897a-6123cb903406', 56400, '2023-07-22T23:13:51.080Z', null, '4b42d234-7ff1-427c-9630-465493b6ebd4'),('8f07058d-90b0-4511-a20b-bde90829a2dd', 182590, '2023-07-22T18:34:59.180Z', null, 'fb54d1a9-f7cc-4605-8512-b84d987cc372'),('f9a1180d-db20-4c7b-851a-486f78583c33', 97222, '2023-07-22T17:53:22.704Z', null, 'b0c2dbc8-b625-416c-a03c-27c9b46015a2'),('76c03cc1-9d86-4b8a-a1f6-85dbc8ac0547', 35000, '2023-07-22T15:55:06.491Z', null, '9ef81cf5-f8e7-4c0f-8758-81ccacc934cc'),('99be16fe-4c39-43cb-a929-9b9b2b035264', 70000, '2023-07-22T09:02:37.463Z', null, '42904060-7aac-4aee-9089-e33af992a658'),('b35041e7-7c21-444e-9eca-5b69c049fc75', 6500, '2023-07-22T06:23:09.851Z', null, '42904060-7aac-4aee-9089-e33af992a658'),('a3fa5b0e-8174-48f8-83b9-d106cf15400f', 30400, '2023-07-21T18:43:06.309Z', null, '42904060-7aac-4aee-9089-e33af992a658'),('f2242e8f-689a-41bb-9377-c7a854742123', 29000, '2023-07-21T18:21:35.992Z', null, '42904060-7aac-4aee-9089-e33af992a658'),('02419e1d-e6e7-40c7-aabb-dfc70d704c7b', 1000000, '2023-07-20T22:45:37.665Z', 'Andrea prestamo', 'fe18f6f7-b589-4692-8deb-48d603748be7'),('634b8550-0b49-4891-b918-512a4441fe5c', 80000, '2023-07-20T22:27:53.494Z', null, '0f5fd820-7735-4a28-bcb3-096db83d03e8'),('1bfd8d70-c108-4b51-9f6a-477b18e29c1d', 150000, '2023-07-20T20:36:44.426Z', null, '1402b8fd-d7f9-4668-8571-9319cda86422'),('6b95abdc-2ca7-4b05-aa0b-0c239913f970', 79900, '2023-07-20T14:56:20.559Z', null, '9ef81cf5-f8e7-4c0f-8758-81ccacc934cc'),('8e03aed7-5f41-4d36-b2f6-21d756482c79', 250000, '2023-07-19T23:24:00.634Z', null, '1402b8fd-d7f9-4668-8571-9319cda86422'),('e7322c22-5c95-4764-ac01-f96c04bc4932', 86277, '2023-07-19T18:47:26.317Z', null, 'a66f79db-f344-4365-ad19-0ef52a4fc841'),('c8a12f83-4bcd-4f6c-80d9-c2420667cc85', 73419, '2023-07-19T18:46:59.478Z', null, 'a66f79db-f344-4365-ad19-0ef52a4fc841'),('45012410-bb2e-4f0d-9197-7490b0773d83', 11917, '2023-07-19T18:42:43.310Z', null, '0b135e7a-00ff-411a-b0fd-6b24a85d0d62'),('57958dbe-ad53-424b-9206-73c11c5afa4e', 165174, '2023-07-19T18:37:10.386Z', null, '2c2291a6-5618-47b6-a30f-aebd370269c2'),('041fa0e2-abfa-40da-a764-071bcc367e39', 5550, '2023-07-18T03:35:02.386Z', 'Avance', 'fe18f6f7-b589-4692-8deb-48d603748be7'),('d62d798c-e83d-4e9f-88de-171a002e44bc', 361000, '2023-07-15T03:10:20.177Z', null, '7f1d9b81-dd8a-47c8-a32f-1345c88c4f15'),('00df4529-2303-435c-b4cd-391ab11c9fc2', 60000, '2023-07-15T03:04:34.563Z', null, '1402b8fd-d7f9-4668-8571-9319cda86422'),('986731d1-6493-4644-9ae5-d4904e277ee7', 154056, '2023-07-08T04:12:03.934Z', null, '42904060-7aac-4aee-9089-e33af992a658'),('3389a407-356c-4775-bcd4-078483dc1f21', 500000, '2023-07-07T19:07:55.551Z', null, '1402b8fd-d7f9-4668-8571-9319cda86422'),('867f5ce5-c7d8-48c3-8f9c-546c28ffe0b8', 600000, '2023-07-07T18:57:29.732Z', null, '1402b8fd-d7f9-4668-8571-9319cda86422'),('24addb8d-21bd-4e44-ad0c-29462387ad75', 5550, '2023-07-07T18:50:22.891Z', 'Avance ', 'fe18f6f7-b589-4692-8deb-48d603748be7'),('7025667d-1194-425c-8dab-f597eaeef9a3', 2000000, '2023-07-07T02:12:45.800Z', null, '1402b8fd-d7f9-4668-8571-9319cda86422'),('ca066f11-1d49-46b6-b4c8-439ff955d78a', 800000, '2023-07-06T21:13:47.578Z', null, '1402b8fd-d7f9-4668-8571-9319cda86422'),('e5e837ef-d3e3-40cf-96de-5b6708f4f9f0', 42520, '2023-07-05T21:58:10.794Z', null, 'b0c2dbc8-b625-416c-a03c-27c9b46015a2'),('945cbf21-8715-4899-aad5-76eb9ab5eab8', 10594, '2023-07-05T21:57:56.877Z', null, 'b0c2dbc8-b625-416c-a03c-27c9b46015a2'),('68f8a7b9-6ed6-44c3-8ede-952d3cf01327', 137633, '2023-07-05T21:57:46.751Z', null, 'b0c2dbc8-b625-416c-a03c-27c9b46015a2'),('56dc28a4-487d-48a2-bbfb-9bb8d89fb8f9', 10000, '2023-07-05T01:36:17.053Z', null, '42904060-7aac-4aee-9089-e33af992a658'),('c7f1a3f5-80d0-4edc-bc5f-bc53b9fb8282', 39100, '2023-07-04T02:02:47.737Z', null, '42904060-7aac-4aee-9089-e33af992a658'),('0133dd41-ae35-4d8e-9886-386415b1a20b', 23900, '2023-07-04T00:15:31.064Z', null, 'b0c2dbc8-b625-416c-a03c-27c9b46015a2'),('41582865-4d06-4119-bf93-1d8f4af88264', 18430, '2023-07-04T00:15:12.308Z', null, '42904060-7aac-4aee-9089-e33af992a658'),('a10291c1-c1f0-4716-be1c-bffeaee63a50', 94000, '2023-07-03T22:43:11.311Z', null, '42904060-7aac-4aee-9089-e33af992a658'),('3f087142-4b31-4cfb-9e99-c62777a8d77c', 30400, '2023-07-03T22:17:09.123Z', null, '42904060-7aac-4aee-9089-e33af992a658'),('7fb8c3b2-9c7c-4322-9308-4a3c9d96ea70', 60000, '2023-07-03T17:22:40.823Z', null, '0f5fd820-7735-4a28-bcb3-096db83d03e8'),('8b6682c8-0e6f-4b13-ac17-a1f375e271b4', 44000, '2023-07-03T02:37:34.700Z', null, '42904060-7aac-4aee-9089-e33af992a658'),('5408c141-c969-43f9-a9d1-dfb411ecd0c1', 80000, '2023-07-03T02:26:47.679Z', null, '42904060-7aac-4aee-9089-e33af992a658'),('25864de5-2eb4-44ce-8931-a606d19557ab', 16900, '2023-07-02T19:15:48.619Z', null, '42904060-7aac-4aee-9089-e33af992a658'),('09582602-ce7d-478c-8966-847d670049aa', 100000, '2023-07-02T18:33:18.420Z', 'Ash sobre', 'fe18f6f7-b589-4692-8deb-48d603748be7'),('426fe5cf-5ea1-4cb5-969e-772c8dca230a', 700000, '2023-07-02T06:00:35.431Z', null, '180bf572-802d-40d3-a444-ed2dd5946e5e'),('c4be1e88-2f1c-4e67-9a4f-5cf6b11ff348', 1400, '2023-07-02T05:49:15.478Z', null, '1402b8fd-d7f9-4668-8571-9319cda86422'),('a95c1a1d-a8c1-4b22-bea9-5c43e27c7852', 13900, '2023-07-02T05:13:30.361Z', null, '1402b8fd-d7f9-4668-8571-9319cda86422'),('8b5239d3-5cd6-48cd-bf3a-3bd8a7c17ffd', 5500, '2023-07-02T01:46:41.543Z', null, '42904060-7aac-4aee-9089-e33af992a658'),('fe375dcd-f886-4fc2-b688-ba0f0d373947', 25000, '2023-07-02T00:42:47.623Z', null, '1402b8fd-d7f9-4668-8571-9319cda86422'),('f0e10a82-648d-4d14-8409-a64a7f2c969d', 500000, '2023-07-01T22:13:49.271Z', null, '4fb2e3be-b15b-480f-8524-18ac7c3a3b6a'),('49b18ec3-4953-499d-95e3-1e4da14c0b86', 5800, '2023-07-01T22:08:20.789Z', null, '42904060-7aac-4aee-9089-e33af992a658'),('6349e50b-0b4b-4352-9f13-6fbff7ffe356', 50000, '2023-07-01T05:22:55.640Z', null, '1402b8fd-d7f9-4668-8571-9319cda86422'),('4b107764-d0d3-475f-a5d7-70701d61e101', 1914151, '2023-06-30T20:22:26.728Z', null, 'aabff692-d707-474d-8558-82b1793db187'),('87d28903-5ef9-436f-ae14-3a89c6ee11a2', 11025809, '2023-06-30T20:21:50.686Z', null, 'aabff692-d707-474d-8558-82b1793db187'),('c69d2f07-d3da-40c7-97f5-730b2643ff60', 1914151, '2023-06-30T20:21:24.806Z', null, '0df5a64a-0d25-40d9-a184-2615f247be2a'),('1e554944-dfaf-432c-813f-39ece7346c2f', 3219766, '2023-06-30T20:20:02.629Z', null, '1e35bcba-1e6b-4467-b164-1cecbc380247'),('5956da52-18ee-4e01-893b-bab6babdc7b0', 395405, '2023-06-29T04:53:54.543Z', null, 'b0c2dbc8-b625-416c-a03c-27c9b46015a2'),('7e396b1f-8ebf-4cf6-8c29-5df86772c332', 26300, '2023-06-28T04:01:56.526Z', null, '42904060-7aac-4aee-9089-e33af992a658'),('29a356e7-c01b-43f9-ab4d-c51fdf48d6e9', 90325, '2023-06-27T22:20:31.486Z', null, '0f5fd820-7735-4a28-bcb3-096db83d03e8'),('4a7bbb79-b1f2-4381-8252-82e6f7396e3e', 114227, '2023-06-27T13:50:59.443Z', null, '0f5fd820-7735-4a28-bcb3-096db83d03e8'),('9f118cba-bd37-444d-bb33-6ad1b4e607f7', 66000, '2023-06-27T03:02:24.061Z', null, '42904060-7aac-4aee-9089-e33af992a658'),('f18e5744-271b-4153-8a69-6d6584ad5fa1', 50000, '2023-06-26T21:09:54.711Z', null, '42904060-7aac-4aee-9089-e33af992a658'),('cb61d357-a4a5-4989-9043-47d7e6d83c12', 34000, '2023-06-26T20:48:45.190Z', null, '42904060-7aac-4aee-9089-e33af992a658'),('34cfbe1d-169a-4568-a38a-40589328e0c8', 84000, '2023-06-26T20:30:16.533Z', null, '42904060-7aac-4aee-9089-e33af992a658'),('2b5a4a50-4551-448f-88df-ffba0ade5b3c', 500000, '2023-06-26T19:44:20.052Z', null, '4fb2e3be-b15b-480f-8524-18ac7c3a3b6a'),('7e3429ac-2dbc-485b-a0f7-ba56cbab7ad2', 198000, '2023-06-26T05:55:56.512Z', null, '42904060-7aac-4aee-9089-e33af992a658'),('68aa1114-153b-4310-9638-22befb7accd9', 5550, '2023-06-25T22:39:04.071Z', null, 'fe18f6f7-b589-4692-8deb-48d603748be7'),('a25aafaa-1f9a-4444-b4e6-07e18a09b687', 56100, '2023-06-25T22:38:37.925Z', null, '42904060-7aac-4aee-9089-e33af992a658'),('3ce80b86-c019-47b5-9e18-caeacd86e5ed', 10000, '2023-06-25T21:15:12.969Z', null, 'fe18f6f7-b589-4692-8deb-48d603748be7'),('9a313d2b-38b4-4a80-8f6d-e39b5f0e5bf8', 200000, '2023-06-25T21:08:36.431Z', 'Hotel 47 medallo', 'fe18f6f7-b589-4692-8deb-48d603748be7'),('a58b7463-a7a9-4afb-927c-5183535673a3', 120000, '2023-06-25T05:03:38.345Z', null, '4fb2e3be-b15b-480f-8524-18ac7c3a3b6a'),('7ad3a8fa-d697-4171-a87c-0b461e3d1444', 54000, '2023-06-25T03:46:35.014Z', null, '42904060-7aac-4aee-9089-e33af992a658'),('3d7cb1e3-d0c2-4f0d-8a45-a166ab500c0d', 0, '2023-06-24T15:38:35.547Z', '71510', 'a66f79db-f344-4365-ad19-0ef52a4fc841'),('65bb9803-e7c3-4bc6-91ff-fb7dba2e3577', 223790, '2023-06-24T02:16:10.357Z', null, 'fb54d1a9-f7cc-4605-8512-b84d987cc372'),('bfc6dbcf-6a20-48c5-8802-e5a6c3a191e7', 99400, '2023-06-23T21:18:59.267Z', null, '42904060-7aac-4aee-9089-e33af992a658'),('d30d7090-828a-41af-9799-55a586cfe242', 160000, '2023-06-23T20:56:45.967Z', null, '42904060-7aac-4aee-9089-e33af992a658'),('5c17c111-a918-4f48-9c03-07e1af8f524f', 200000, '2023-06-23T18:03:00.103Z', null, '42904060-7aac-4aee-9089-e33af992a658'),('b3ff33b5-33be-4a42-a3af-493cad8e0706', 140718, '2023-06-22T22:23:58.737Z', null, '0f5fd820-7735-4a28-bcb3-096db83d03e8'),('d5f9e690-f099-4021-808c-f220bf8d0254', 37350, '2023-06-22T13:10:59.432Z', null, '42904060-7aac-4aee-9089-e33af992a658'),('0a932818-bf66-4ba7-8e8a-39f3142aab29', 132455, '2023-06-22T12:15:25.390Z', null, '0f5fd820-7735-4a28-bcb3-096db83d03e8'),('1697d47f-2d05-44d6-853c-f4c21829fc75', 500000, '2023-06-22T03:16:33.147Z', null, '4fb2e3be-b15b-480f-8524-18ac7c3a3b6a'),('800fc685-8484-4086-809f-722d6635b010', 16800, '2023-06-22T03:16:24.646Z', null, '42904060-7aac-4aee-9089-e33af992a658'),('9c59971a-3fc0-49de-9d73-1d3ee04f6dfd', 120000, '2023-06-22T02:08:48.421Z', null, '1402b8fd-d7f9-4668-8571-9319cda86422'),('35f32f0a-eb13-4d1e-8d4d-3292ef279e3c', 56400, '2023-06-21T13:27:25.841Z', null, '4b42d234-7ff1-427c-9630-465493b6ebd4'),('12a118c9-9df4-4388-986c-6f9f65993382', 37150, '2023-06-21T04:01:27.160Z', null, '42904060-7aac-4aee-9089-e33af992a658'),('e16767fc-eb15-477c-b5ae-9083c037e6a2', 4500, '2023-06-21T00:02:26.433Z', null, '1402b8fd-d7f9-4668-8571-9319cda86422'),('d271b46b-7ff1-463a-a638-bae0f5796c33', 85885, '2023-06-20T05:00:00.000Z', null, 'a66f79db-f344-4365-ad19-0ef52a4fc841'),('d5545fb7-0d8d-449c-ad39-5d1bd22927f9', 50000, '2023-06-20T21:55:50.097Z', null, '1402b8fd-d7f9-4668-8571-9319cda86422'),('3da83645-4fd4-49f0-8e0a-606ce04caee3', 6500, '2023-06-20T21:24:30.158Z', null, '1402b8fd-d7f9-4668-8571-9319cda86422'),('b0fec8b8-38eb-4333-974b-44d14fbe30d9', 73324, '2023-06-20T19:48:05.713Z', null, 'a66f79db-f344-4365-ad19-0ef52a4fc841'),('f9447b42-cef8-41ac-a395-e8816c116485', 361000, '2023-06-20T19:42:29.607Z', null, '7f1d9b81-dd8a-47c8-a32f-1345c88c4f15'),('f4aee487-531a-4f1a-9a4c-6ce14226a60d', 5550, '2023-06-20T19:36:58.413Z', 'Avance ', 'fe18f6f7-b589-4692-8deb-48d603748be7'),('928c963d-4915-459a-85a2-99b1d7bf7fff', 164431, '2023-06-20T19:31:29.493Z', null, '2c2291a6-5618-47b6-a30f-aebd370269c2'),('72d6debe-c971-4246-ab1c-66491cc24c84', 15181, '2023-06-20T19:27:43.236Z', null, '0b135e7a-00ff-411a-b0fd-6b24a85d0d62'),('904b5981-5fc0-4adc-8148-78d2d57a61fd', 79900, '2023-06-20T16:32:00.318Z', 'Smarfit', 'fe18f6f7-b589-4692-8deb-48d603748be7'),('3948742f-0b17-475e-9727-e27c4e028f05', 30000, '2023-06-20T03:18:26.453Z', null, '42904060-7aac-4aee-9089-e33af992a658'),('173f6074-b2c4-4326-be9f-cdd6c47843a5', 34000, '2023-06-20T02:19:59.469Z', null, '42904060-7aac-4aee-9089-e33af992a658'),('ab6602d6-d7bf-4d81-90c6-740032484895', 12000, '2023-06-19T20:41:00.564Z', null, 'b0c2dbc8-b625-416c-a03c-27c9b46015a2'),('bfaf3390-aefb-4b4a-9bf2-e53ef65408f3', 52300, '2023-06-18T05:27:24.477Z', null, '42904060-7aac-4aee-9089-e33af992a658'),('2318ee73-198b-437c-9c39-75419736d8be', 13800, '2023-06-17T23:45:01.521Z', null, '42904060-7aac-4aee-9089-e33af992a658'),('b477db56-1f4e-48a3-b4bb-f7e21b9783a8', 10500, '2023-06-16T03:01:46.053Z', null, '1402b8fd-d7f9-4668-8571-9319cda86422'),('2c01774c-db89-409d-9f8d-e0043aa58033', 12644, '2023-06-15T17:18:07.361Z', null, 'b0c2dbc8-b625-416c-a03c-27c9b46015a2'),('f490ff3b-d08e-4c9c-98ae-1541839d8dcd', 55950, '2023-06-15T00:32:55.268Z', null, '1402b8fd-d7f9-4668-8571-9319cda86422'),('22f60661-4c47-44a9-9c36-28a7aa76dcbd', 16000, '2023-06-14T21:29:26.045Z', null, '42904060-7aac-4aee-9089-e33af992a658'),('4ae683fe-d97d-4d32-873c-2b65a1e8c667', 550000, '2023-06-14T19:01:45.626Z', null, '42904060-7aac-4aee-9089-e33af992a658'),('ace97fd1-c8dc-4cbc-94b3-1a2b0f365684', 19690, '2023-06-14T13:57:53.634Z', null, '42904060-7aac-4aee-9089-e33af992a658'),('6e96a32a-1e24-4b8a-8f37-50d0d52b9e3a', 80000, '2023-06-14T13:28:18.075Z', null, '0f5fd820-7735-4a28-bcb3-096db83d03e8'),('228578a3-da37-486a-81e9-afdfd86f83af', 27300, '2023-06-14T13:16:54.286Z', null, '42904060-7aac-4aee-9089-e33af992a658'),('a24574e3-a657-4ba8-b835-bd4055d19827', 118949, '2023-06-13T21:17:41.352Z', null, 'b0c2dbc8-b625-416c-a03c-27c9b46015a2'),('4e7b9353-d19c-4ac8-bb57-4603039fd439', 21500, '2023-06-13T03:53:14.206Z', null, '42904060-7aac-4aee-9089-e33af992a658'),('2b1a07fb-a874-4301-9d88-e55bf9bc7390', 70400, '2023-06-13T03:53:05.379Z', null, '42904060-7aac-4aee-9089-e33af992a658'),('a01c50c4-9609-4e54-b7a9-cd0ac4737975', 62200, '2023-06-13T03:52:52.592Z', null, '42904060-7aac-4aee-9089-e33af992a658'),('7d232504-765b-48a2-851e-2da4bcabdee3', 200000, '2023-06-12T21:12:25.690Z', null, '180bf572-802d-40d3-a444-ed2dd5946e5e'),('3750bee7-c248-4d2d-858b-1e97e262bf3d', 62700, '2023-06-12T18:36:02.030Z', null, '42904060-7aac-4aee-9089-e33af992a658'),('11c5e567-da95-4b19-a2af-b75c506a2b57', 48000, '2023-06-12T18:18:13.835Z', null, '42904060-7aac-4aee-9089-e33af992a658'),('c070056e-30dc-4065-8474-b5ee74117f04', 700000, '2023-06-12T01:02:51.919Z', null, '1402b8fd-d7f9-4668-8571-9319cda86422'),('4ca215a8-104c-47d2-a03f-ec417096709c', 23500, '2023-06-11T23:50:54.859Z', null, '42904060-7aac-4aee-9089-e33af992a658'),('928858a7-933d-4c6b-b1ac-6de5f10f8a48', 49600, '2023-06-11T22:07:45.097Z', null, '42904060-7aac-4aee-9089-e33af992a658'),('6262af8d-d331-42ba-a3fc-d26b6294aa1f', 5550, '2023-06-11T21:47:02.463Z', 'Avance', 'fe18f6f7-b589-4692-8deb-48d603748be7'),('5d2b271f-66f5-43ad-acac-290d95472d5b', 53950, '2023-06-11T20:41:10.593Z', null, '42904060-7aac-4aee-9089-e33af992a658'),('073b8407-b4ce-4e06-9938-371ef0cd71cf', 6500, '2023-06-11T19:42:10.968Z', null, '1402b8fd-d7f9-4668-8571-9319cda86422'),('55a51b97-9332-4cec-8609-412ebe5d9b8c', 4000, '2023-06-10T23:18:26.634Z', null, '42904060-7aac-4aee-9089-e33af992a658'),('307c6701-113e-406d-a219-4c2cc8a7c03c', 48400, '2023-06-10T20:20:17.809Z', null, '42904060-7aac-4aee-9089-e33af992a658'),('6521cc2a-4caa-4341-976e-e47291994a8a', 80000, '2023-06-10T06:41:49.140Z', null, '0f5fd820-7735-4a28-bcb3-096db83d03e8'),('eeeaca21-3c63-45df-86b8-3d7472b2e929', 30000, '2023-06-10T03:02:38.917Z', null, '42904060-7aac-4aee-9089-e33af992a658'),('040ba145-4a9f-47c0-b3b8-ee662a33a24a', 70000, '2023-06-10T02:22:19.103Z', null, '42904060-7aac-4aee-9089-e33af992a658'),('ed400bc4-2b09-4d9f-b158-fde6d60dee7d', 45102, '2023-06-10T01:20:57.800Z', null, 'c17b8861-674d-4476-b4ca-56af28e445e6'),('d57c06de-b387-477c-b3b1-f2b193e6c91c', 4000, '2023-06-09T21:16:13.618Z', null, '1402b8fd-d7f9-4668-8571-9319cda86422'),('03425f87-e165-4374-a244-aca478d5fd58', 34000, '2023-06-09T21:12:20.233Z', null, '1402b8fd-d7f9-4668-8571-9319cda86422'),('5b3ae42d-a099-449a-adf5-88a1c2b0a646', 200000, '2023-06-09T01:58:44.921Z', null, '4fb2e3be-b15b-480f-8524-18ac7c3a3b6a'),('caa07596-d9d3-4dc8-9890-7c3481a44bb7', 24500, '2023-06-08T04:25:00.966Z', null, '42904060-7aac-4aee-9089-e33af992a658'),('ba0b3a15-d59d-4f62-ad53-3cd77dfbce00', 60482, '2023-06-07T22:24:10.999Z', null, 'b0c2dbc8-b625-416c-a03c-27c9b46015a2'),('79fe441b-a53b-4944-9aec-7987b92bde39', 73055, '2023-06-07T21:48:30.297Z', null, 'b0c2dbc8-b625-416c-a03c-27c9b46015a2'),('e49d290f-d2f3-4260-8d7a-36d1fdc37bb8', 15000, '2023-06-07T00:16:35.818Z', null, '42904060-7aac-4aee-9089-e33af992a658'),('9f3bc734-bb4e-4dc9-b4f2-f91e7d4ff895', 22000, '2023-06-06T21:24:56.049Z', null, '42904060-7aac-4aee-9089-e33af992a658'),('fc2928cb-ec29-44f8-a57a-4065748b7170', 33500, '2023-06-06T15:05:35.960Z', null, '9ef81cf5-f8e7-4c0f-8758-81ccacc934cc'),('bbb68275-0575-4806-b580-baa08ef41c47', 35751, '2023-06-06T02:43:16.993Z', null, 'b0c2dbc8-b625-416c-a03c-27c9b46015a2'),('1fcb4409-0b05-4818-b26c-b934e5383877', 60500, '2023-06-05T20:45:29.579Z', null, '42904060-7aac-4aee-9089-e33af992a658'),('6dea63af-8680-457e-9416-1f6541cd8423', 7500, '2023-06-05T17:59:48.828Z', null, '42904060-7aac-4aee-9089-e33af992a658'),('feccd881-1363-4540-b47e-30e2020586a8', 27600, '2023-06-05T15:45:37.385Z', null, '42904060-7aac-4aee-9089-e33af992a658'),('5a868036-de43-481b-929a-41886697261f', 98500, '2023-06-04T21:28:43.127Z', null, '42904060-7aac-4aee-9089-e33af992a658'),('f617f0fb-ee73-4ad9-8ea4-334157f84d6e', 13000, '2023-06-04T16:16:27.824Z', null, '42904060-7aac-4aee-9089-e33af992a658'),('c3d8ac84-95ad-4565-8eac-c744e6ee3572', 45000, '2023-06-03T05:00:00.000Z', null, '42904060-7aac-4aee-9089-e33af992a658'),('51ee3816-ba35-44e8-ad01-387f906d5226', 8000, '2023-06-04T06:03:42.492Z', null, '42904060-7aac-4aee-9089-e33af992a658'),('97a5466e-072c-4094-98fc-3999aa0c1228', 18100, '2023-06-04T06:03:34.746Z', null, '42904060-7aac-4aee-9089-e33af992a658'),('70e7fdb2-d545-4402-9d48-19bf0d90cee8', 200000, '2023-06-03T23:27:35.158Z', 'Retiro', 'fe18f6f7-b589-4692-8deb-48d603748be7'),('35d7431d-13bc-46ed-877b-0d51f9f8f859', 55100, '2023-06-03T21:02:13.933Z', null, '42904060-7aac-4aee-9089-e33af992a658'),('c56956bb-51bf-4d2e-97f4-0fce68fc2f0d', 130000, '2023-06-03T19:39:01.540Z', 'Ayenda', '42904060-7aac-4aee-9089-e33af992a658'),('a6638fb3-feca-4ce5-8512-34a41a2bd022', 60000, '2023-06-03T13:47:44.512Z', null, '1402b8fd-d7f9-4668-8571-9319cda86422'),('ee7692d8-76b9-49e6-9067-2c0f7cf6c76c', 12500, '2023-06-03T13:42:02.950Z', null, '42904060-7aac-4aee-9089-e33af992a658'),('eaff8872-5f87-403f-8c64-7a47b8dffaf8', 15000, '2023-06-03T02:22:38.339Z', null, '42904060-7aac-4aee-9089-e33af992a658'),('f0ae370b-e93b-4a8a-9e75-6312bea952c9', 50000, '2023-06-02T21:29:50.494Z', null, '1402b8fd-d7f9-4668-8571-9319cda86422'),('f9aaa9e5-3848-4b5a-9179-672dbfbc1a0e', 18000, '2023-06-02T19:54:51.488Z', null, '1402b8fd-d7f9-4668-8571-9319cda86422'),('3fc167f6-4851-4d91-978f-ee4c8cc771dd', 12500, '2023-06-02T19:46:33.219Z', null, '42904060-7aac-4aee-9089-e33af992a658'),('35b8c4f8-7d91-417d-9962-202109a79ef8', 58000, '2023-06-02T19:00:56.331Z', null, '42904060-7aac-4aee-9089-e33af992a658'),('e01c6bd6-5c29-49c6-b5fb-45f3a82b3c3c', 130000, '2023-06-02T18:17:17.936Z', 'Hotel ayenda', '42904060-7aac-4aee-9089-e33af992a658'),('0c3741db-b37f-4b74-bf23-090bacb09ced', 25000, '2023-06-02T18:17:00.330Z', null, '42904060-7aac-4aee-9089-e33af992a658'),('3875743c-5a2a-4c6d-a686-1ea873cf283e', 5000, '2023-06-02T16:15:43.519Z', null, '42904060-7aac-4aee-9089-e33af992a658'),('83153dcc-5038-4892-aa8a-b44818e092ef', 25500, '2023-06-02T14:27:52.788Z', null, '42904060-7aac-4aee-9089-e33af992a658'),('6e290ae7-5c27-48cc-9613-e0ca2ccd66c9', 16900, '2023-06-02T12:05:12.137Z', 'Netflix ', '42904060-7aac-4aee-9089-e33af992a658'),('ebe9182e-665a-4603-95af-dcde6bf87a19', 50000, '2023-06-02T03:04:46.787Z', 'Ash ', 'fe18f6f7-b589-4692-8deb-48d603748be7'),('64a5825b-2577-4cf0-a4c5-874899388b84', 269900, '2023-06-01T05:00:00.000Z', 'Maletin', '9ef81cf5-f8e7-4c0f-8758-81ccacc934cc'),('a875a9d4-fd1f-4627-a56c-f64a8e363cf8', 12000, '2023-06-01T21:28:38.775Z', null, '42904060-7aac-4aee-9089-e33af992a658'),('754a623a-7eed-4c7f-b2f8-864edccfd762', 700000, '2023-06-01T17:51:23.396Z', null, '180bf572-802d-40d3-a444-ed2dd5946e5e'),('09a0e48e-becc-457f-a24e-f6b13531a46d', 22000, '2023-06-01T03:07:28.767Z', null, '1402b8fd-d7f9-4668-8571-9319cda86422'),('3993048e-484f-40c5-b25e-8c6ca2b9141a', 11229, '2023-05-31T19:58:54.336Z', '4x1000', 'fe18f6f7-b589-4692-8deb-48d603748be7'),('6496924b-952b-44d4-b113-da0eafe9ba6b', 3219766, '2023-05-31T04:02:35.513Z', null, '1e35bcba-1e6b-4467-b164-1cecbc380247'),('db7b88b5-273d-4fac-9d14-f68463ed5a5d', 1914151, '2023-05-31T03:54:33.118Z', null, '0df5a64a-0d25-40d9-a184-2615f247be2a'),('26564717-569e-44cd-911a-add2a83fcf04', 1914151, '2023-05-31T03:53:50.405Z', null, 'aabff692-d707-474d-8558-82b1793db187'),('27cc2c6c-b572-44b8-99af-7223c3c1772f', 11025809, '2023-05-31T02:40:39.948Z', null, 'aabff692-d707-474d-8558-82b1793db187'),('6bc0dac0-6020-4c93-980a-ed362722c5ac', 80000, '2023-05-30T14:59:46.397Z', null, '0f5fd820-7735-4a28-bcb3-096db83d03e8'),('11e89986-2070-4ed9-aa33-2e9a85485e4c', 20500, '2023-05-30T14:59:37.674Z', null, '42904060-7aac-4aee-9089-e33af992a658'),('ce746052-e86e-4375-97cc-3837f4037a82', 25050, '2023-05-30T02:52:02.130Z', null, '42904060-7aac-4aee-9089-e33af992a658'),('be326d10-7d09-4502-87b5-0e0f181b1358', 48875, '2023-05-29T22:02:11.754Z', null, 'b0c2dbc8-b625-416c-a03c-27c9b46015a2'),('efec2d5f-d8fc-482c-a991-41b8b12979de', 3900, '2023-05-29T20:49:49.838Z', null, '42904060-7aac-4aee-9089-e33af992a658'),('4f2cc6e3-c6f2-4779-bb53-f90f0b79e354', 47293, '2023-05-29T20:37:07.189Z', null, 'b0c2dbc8-b625-416c-a03c-27c9b46015a2'),('75ee6128-d383-43f6-b13e-8b787f5e5b42', 10500, '2023-05-29T05:43:07.824Z', null, '42904060-7aac-4aee-9089-e33af992a658'),('8df6265f-0aaa-4427-8770-6143f011a61d', 66400, '2023-05-28T23:42:43.390Z', null, '42904060-7aac-4aee-9089-e33af992a658'),('2646f02d-1d72-4fa0-a4d1-5081e117ddb1', 20000, '2023-05-28T06:45:07.902Z', null, '42904060-7aac-4aee-9089-e33af992a658'),('92964727-d256-4638-b392-e16214f4b195', 40100, '2023-05-28T02:07:59.567Z', null, '42904060-7aac-4aee-9089-e33af992a658'),('12dfbbbc-6f36-40a6-940e-57ff3a42ca3f', 23000, '2023-05-28T00:11:40.383Z', null, '42904060-7aac-4aee-9089-e33af992a658'),('d3e0df0b-6ac1-41cf-9b53-bc7e26943f17', 42040, '2023-05-28T00:11:29.474Z', null, '42904060-7aac-4aee-9089-e33af992a658'),('01daccc7-6c0a-4800-a5c2-3686d9f175c4', 60500, '2023-05-27T21:01:53.017Z', null, '42904060-7aac-4aee-9089-e33af992a658'),('a7f98e4f-1367-4d07-9a4f-775be49917d4', 14500, '2023-05-27T19:05:29.975Z', null, '42904060-7aac-4aee-9089-e33af992a658'),('1b07bd6e-01ba-4a44-bf85-56fcbaedffe2', 90000, '2023-05-26T20:06:33.195Z', null, '42904060-7aac-4aee-9089-e33af992a658'),('e5a37247-8233-4628-867d-d2890fa1c8f0', 32000, '2023-05-26T05:23:23.584Z', null, '1402b8fd-d7f9-4668-8571-9319cda86422'),('a930f65d-a5b9-4e4a-83df-59860b3ecac8', 466740, '2023-05-25T20:40:01.533Z', 'Bogotá ', 'fe18f6f7-b589-4692-8deb-48d603748be7'),('dd38ddff-9b77-49a1-80df-0f595def2d4a', 71510, '2023-05-25T19:12:06.100Z', null, 'a66f79db-f344-4365-ad19-0ef52a4fc841'),('8ae6cac0-0452-40b6-9307-901a56c97d30', 230430, '2023-05-25T16:59:25.623Z', null, 'fb54d1a9-f7cc-4605-8512-b84d987cc372'),('8ae2946f-372f-418e-8c16-6380e2ba2f4b', 70000, '2023-05-24T01:35:01.773Z', null, '0f5fd820-7735-4a28-bcb3-096db83d03e8'),('f6b143e0-d630-4765-8bc0-39e4a67e1458', 34920, '2023-05-24T01:34:35.059Z', null, 'b0c2dbc8-b625-416c-a03c-27c9b46015a2'),('be56468b-3a17-40b5-a994-1b8ace0b5f84', 70600, '2023-05-23T02:18:09.098Z', null, '42904060-7aac-4aee-9089-e33af992a658'),('747e2d6d-7fd6-4c2f-9d2a-45e93a275fd6', 54400, '2023-05-22T23:57:45.882Z', null, '42904060-7aac-4aee-9089-e33af992a658'),('d21e6457-bdd9-4a72-b45d-2420affca818', 23000, '2023-05-22T23:49:03.777Z', null, '42904060-7aac-4aee-9089-e33af992a658'),('b088a57c-d677-45be-84a4-5bf0b0ce924a', 23000, '2023-05-22T23:28:25.196Z', null, '42904060-7aac-4aee-9089-e33af992a658'),('7bc9e534-f13b-4011-8abf-afff3f9c3856', 102800, '2023-05-22T22:10:43.418Z', null, '42904060-7aac-4aee-9089-e33af992a658'),('decefc9d-57ce-42b6-a39d-86dcd9af6066', 79900, '2023-05-22T16:11:15.151Z', null, '9ef81cf5-f8e7-4c0f-8758-81ccacc934cc'),('7a89a3d6-b3b9-441f-8928-a1c09f6ff33c', 40000, '2023-05-21T05:00:00.000Z', null, '1402b8fd-d7f9-4668-8571-9319cda86422'),('e447f54e-3143-44be-8bf3-b9f7674bdc26', 100000, '2023-05-21T05:00:00.000Z', null, '0f5fd820-7735-4a28-bcb3-096db83d03e8'),('496c58fe-ce96-4ded-b4b3-839b64e2ea21', 10500, '2023-05-20T22:19:18.747Z', null, '1402b8fd-d7f9-4668-8571-9319cda86422'),('5cbf92ae-8233-458a-8f16-0d78624b6c5f', 26100, '2023-05-20T21:46:26.083Z', null, '42904060-7aac-4aee-9089-e33af992a658'),('8a5b937f-29ca-4194-bb69-6d8b129ec865', 56400, '2023-05-19T01:13:21.546Z', null, '4b42d234-7ff1-427c-9630-465493b6ebd4'),('9e7a21c6-d0e3-40d0-8b0a-243fd0d53c8a', 86277, '2023-05-18T23:56:05.641Z', null, 'a66f79db-f344-4365-ad19-0ef52a4fc841'),('fcde6c11-edda-4f53-b09a-717c61467745', 63865, '2023-05-18T23:53:46.124Z', null, 'a66f79db-f344-4365-ad19-0ef52a4fc841'),('5b8d1fbb-293a-4b33-acb3-203cff53da9d', 164429, '2023-05-18T23:40:11.007Z', null, '2c2291a6-5618-47b6-a30f-aebd370269c2'),('cbe6d4e7-5d9f-4a72-99df-8036313fce60', 21481, '2023-05-18T23:34:04.969Z', null, '0b135e7a-00ff-411a-b0fd-6b24a85d0d62'),('1b6f3982-fb68-4db8-986d-0a15ecf9c363', 496003, '2023-05-17T22:41:15.238Z', null, '961e36c9-a79a-404e-b0bf-69ef99e9af92'),('902e3744-cab9-41e7-a400-6bc0f92795c3', 213390, '2023-05-17T22:26:17.043Z', 'Pg but i got 150 back in cash', 'fe18f6f7-b589-4692-8deb-48d603748be7'),('890f3eb6-c924-4c96-ac4f-313282afac92', 21000, '2023-05-17T20:45:53.265Z', null, '42904060-7aac-4aee-9089-e33af992a658'),('5333c9a2-7251-4109-9de5-ab2e5aeee25c', 76750, '2023-05-17T03:34:42.833Z', null, '42904060-7aac-4aee-9089-e33af992a658'),('2eb7127f-97c3-4313-83b5-54345d41d21d', 65800, '2023-05-15T00:04:58.417Z', null, '42904060-7aac-4aee-9089-e33af992a658'),('42de644e-6c7a-44e2-8815-c3365fe61d22', 54000, '2023-05-14T16:00:53.320Z', null, '42904060-7aac-4aee-9089-e33af992a658'),('581fe136-77dd-4717-a2d1-4c1b566c321e', 2500000, '2023-05-13T01:30:29.182Z', null, '1402b8fd-d7f9-4668-8571-9319cda86422'),('4be5b2e1-57ba-4c1d-8853-ed75f4e47c33', 5550, '2023-05-13T01:21:25.732Z', 'Avance', 'fe18f6f7-b589-4692-8deb-48d603748be7'),('b3bffeb2-1e1f-4e4b-96dc-7273a4e02792', 68190, '2023-05-12T23:29:14.393Z', null, '42904060-7aac-4aee-9089-e33af992a658'),('a1096751-5925-48d0-9634-36e115c9fbb6', 270000, '2023-05-12T22:15:31.002Z', null, '1402b8fd-d7f9-4668-8571-9319cda86422'),('ddbca98c-54a8-4aea-aa3d-7645f0c507eb', 44000, '2023-05-12T02:38:32.728Z', null, '1402b8fd-d7f9-4668-8571-9319cda86422'),('f79b40b1-e0a6-4b7c-b878-f6c37afe2441', 35000, '2023-05-11T22:15:08.769Z', null, '1402b8fd-d7f9-4668-8571-9319cda86422'),('3a7c3608-b6c4-4095-b521-1b0bee3a5693', 871900, '2023-05-11T17:15:11.922Z', 'SOAT', 'fe18f6f7-b589-4692-8deb-48d603748be7'),('9e616842-c30d-4f7b-8f23-891f8e942cc4', 142620, '2023-05-11T00:28:05.863Z', null, 'b0c2dbc8-b625-416c-a03c-27c9b46015a2'),('68b76e8a-5ce9-4f1e-8274-503aa96848ba', 54500, '2023-05-11T00:27:57.439Z', null, '42904060-7aac-4aee-9089-e33af992a658'),('d40dd579-9c34-4e59-9a57-df2c64d44ef4', 90000, '2023-05-10T22:57:43.132Z', null, '42904060-7aac-4aee-9089-e33af992a658'),('69cc4dd9-b4de-4e76-882e-80d73203dd8e', 33500, '2023-05-10T05:32:45.581Z', null, '9ef81cf5-f8e7-4c0f-8758-81ccacc934cc'),('65c21be4-ed3d-4eb5-b1e2-c1c19a06974d', 23200, '2023-05-10T01:33:52.208Z', null, '42904060-7aac-4aee-9089-e33af992a658'),('a51e9aa8-d35c-4aeb-bf05-9791d65f00c1', 57900, '2023-05-10T01:33:45.727Z', null, '42904060-7aac-4aee-9089-e33af992a658'),('a0754a3e-0ab8-47b9-9eb4-d07a218bfd76', 996000, '2023-05-09T17:03:03.881Z', 'Raspado dientes', '9ef81cf5-f8e7-4c0f-8758-81ccacc934cc'),('edef0440-ef96-4350-bf9f-7d5087bb93fa', 20850, '2023-05-09T02:03:29.492Z', null, '42904060-7aac-4aee-9089-e33af992a658'),('3f01c12d-5250-4587-95ff-cdc21e0f736a', 70000, '2023-05-08T23:24:57.300Z', null, '0f5fd820-7735-4a28-bcb3-096db83d03e8'),('4c40d075-1ccd-4048-a145-4b7b82afe20b', 176000, '2023-05-08T20:45:33.297Z', 'Radiografías dientes', '9ef81cf5-f8e7-4c0f-8758-81ccacc934cc'),('8a2239b6-3d5d-4fa3-a0d0-0a9be9b9bb74', 21000, '2023-05-08T03:49:21.498Z', null, '42904060-7aac-4aee-9089-e33af992a658'),('fad25a39-39e7-4f58-a859-9380e74a579f', 414000, '2023-05-07T21:12:35.008Z', null, '42904060-7aac-4aee-9089-e33af992a658'),('7688a46d-0ccf-4253-a260-a0227673cbec', 31408, '2023-05-07T18:50:45.848Z', null, '42904060-7aac-4aee-9089-e33af992a658'),('608faf74-ca41-4a07-b5da-197e8f510de1', 25000, '2023-05-07T18:01:21.955Z', null, '42904060-7aac-4aee-9089-e33af992a658'),('1350b2b7-af32-48f2-a973-6c91016df93e', 32500, '2023-05-07T02:05:41.758Z', null, '42904060-7aac-4aee-9089-e33af992a658'),('4fc70744-a0cf-452c-92bd-466014a2d864', 500000, '2023-05-06T22:54:50.485Z', 'Retiro', 'fe18f6f7-b589-4692-8deb-48d603748be7'),('dc891b1c-93e9-4820-8d86-9565ce34e8cc', 33000, '2023-05-06T22:47:53.156Z', null, '42904060-7aac-4aee-9089-e33af992a658'),('543bcdde-e060-4faf-be48-23df234aab0a', 73700, '2023-05-06T22:30:52.154Z', null, '42904060-7aac-4aee-9089-e33af992a658'),('e4d372bc-0084-432a-a069-fe2c6b943f8b', 50000, '2023-05-06T18:04:41.335Z', null, 'fe18f6f7-b589-4692-8deb-48d603748be7'),('9fcb8764-e371-478c-b051-5c0d75f73de2', 70000, '2023-05-06T18:04:22.364Z', null, '1402b8fd-d7f9-4668-8571-9319cda86422'),('19e10d7a-7d03-4634-9e57-8f44cea1c1af', 6500, '2023-05-06T16:25:19.984Z', null, '1402b8fd-d7f9-4668-8571-9319cda86422'),('215c2e5e-8504-4c0d-800a-82600b6b46af', 70000, '2023-05-06T00:07:30.065Z', null, '42904060-7aac-4aee-9089-e33af992a658'),('b0d0f8eb-5b38-45b4-968e-0b0125dc5d04', 5550, '2023-05-05T23:42:42.593Z', 'Avance', 'fe18f6f7-b589-4692-8deb-48d603748be7'),('dbdb8636-9336-42da-a884-989287b45eaa', 12800, '2023-05-05T22:38:57.775Z', null, '42904060-7aac-4aee-9089-e33af992a658'),('d382f0b0-a2db-4b1a-bc14-e04068584c2c', 695000, '2023-05-05T19:50:18.830Z', null, '7f1d9b81-dd8a-47c8-a32f-1345c88c4f15'),('36869590-22dc-4429-8743-75b135ebbafa', 29000, '2023-05-04T23:49:39.251Z', null, '42904060-7aac-4aee-9089-e33af992a658'),('a218eec2-79b7-4dfa-9a0c-925cc807cab9', 14540, '2023-05-04T19:19:17.669Z', null, 'b0c2dbc8-b625-416c-a03c-27c9b46015a2'),('d6221970-3efc-4b91-95fd-c05d186bd1be', 23000, '2023-05-04T03:21:31.880Z', null, '42904060-7aac-4aee-9089-e33af992a658'),('84480a79-2224-400b-9210-7487a69d1b6c', 31200, '2023-05-04T03:21:12.139Z', null, '42904060-7aac-4aee-9089-e33af992a658'),('70679f4c-7818-49b0-b8f5-8e19fbbbd5f4', 107970, '2023-05-02T23:34:17.978Z', null, 'b0c2dbc8-b625-416c-a03c-27c9b46015a2'),('45f5c321-b730-422f-b2bc-66cb9070cb02', 33500, '2023-05-02T19:30:30.009Z', null, '9ef81cf5-f8e7-4c0f-8758-81ccacc934cc'),('20be4c14-d30a-4d48-af1c-1d0b695bc5b5', 16900, '2023-05-02T14:49:34.178Z', null, '42904060-7aac-4aee-9089-e33af992a658'),('57046a0e-bdcd-42e1-b9a2-891dad09782e', 36400, '2023-05-01T06:13:54.037Z', null, '42904060-7aac-4aee-9089-e33af992a658'),('f7a18041-7f13-4aaf-a611-bf6c3c3f5403', 249900, '2023-05-01T00:46:56.136Z', 'Cosas casa', 'fe18f6f7-b589-4692-8deb-48d603748be7'),('abd3b458-2051-42c4-94f1-764ce77d94fd', 80000, '2023-04-30T20:32:30.104Z', null, '0f5fd820-7735-4a28-bcb3-096db83d03e8'),('61c99371-3157-4031-8248-9ebb866623d1', 153759, '2023-04-30T02:40:39.641Z', null, '42904060-7aac-4aee-9089-e33af992a658'),('411d5cb0-2df8-4072-b00f-4c0cb529d430', 500000, '2023-04-30T01:44:46.689Z', 'Retiro', 'fe18f6f7-b589-4692-8deb-48d603748be7'),('162abe52-9ca2-4a99-b4f3-3c1670d6e217', 47500, '2023-04-30T01:42:23.342Z', null, '42904060-7aac-4aee-9089-e33af992a658'),('995068b9-4b70-4c55-a55c-09042ce241ab', 100056, '2023-04-30T00:49:37.631Z', null, '42904060-7aac-4aee-9089-e33af992a658'),('05b01b29-c8fe-4f4c-913f-3f7fd0653fe3', 44913, '2023-04-29T19:54:04.520Z', null, 'b0c2dbc8-b625-416c-a03c-27c9b46015a2'),('b70cd9d8-6582-4b18-a7f0-fa75ef1148eb', 48000, '2023-04-29T01:46:32.142Z', null, '42904060-7aac-4aee-9089-e33af992a658'),('7d2fb4be-14e8-452c-8a1d-474002bdbb06', 24800, '2023-04-28T21:46:09.335Z', null, '42904060-7aac-4aee-9089-e33af992a658'),('4b5327f9-cfae-4d8e-a7e7-7dff073f405e', 3000000, '2023-04-28T21:23:42.729Z', null, '180bf572-802d-40d3-a444-ed2dd5946e5e'),('25cc7e10-7bd3-4e30-86b6-3c4a5a9e055a', 4599, '2023-04-28T17:39:06.371Z', 'Paypal', 'fe18f6f7-b589-4692-8deb-48d603748be7'),('02a379ed-573e-4472-80cd-1fb4b136076a', 1914151, '2023-04-28T01:02:11.729Z', null, 'aabff692-d707-474d-8558-82b1793db187'),('cab55983-9af5-43bc-a768-04ad079d8128', 1914151, '2023-04-28T01:01:55.404Z', null, '0df5a64a-0d25-40d9-a184-2615f247be2a'),('86fd96c2-d3ff-4560-b6ce-fa9e7962883c', 3219766, '2023-04-28T00:56:06.189Z', null, '1e35bcba-1e6b-4467-b164-1cecbc380247'),('4be05e04-d9ef-4c75-8010-0412236416ac', 11025809, '2023-04-27T21:50:42.543Z', null, 'aabff692-d707-474d-8558-82b1793db187'),('768adebd-5b50-479e-9a0d-17631e2171a2', 11100, '2023-04-27T20:48:48.703Z', null, '42904060-7aac-4aee-9089-e33af992a658'),('d7d7a889-33b1-40dc-914f-7f7b3f011ac0', 6500, '2023-04-27T17:59:59.871Z', null, '42904060-7aac-4aee-9089-e33af992a658'),('fe84e74f-56f1-43d1-8fc3-683b2abbdc8b', 5550, '2023-04-26T23:32:56.509Z', null, 'fe18f6f7-b589-4692-8deb-48d603748be7'),('7d11d664-848a-4e8d-98fb-cba5f832127a', 340000, '2023-04-26T05:00:00.000Z', 'Avance', '180bf572-802d-40d3-a444-ed2dd5946e5e'),('2b132b7b-e9cf-4f31-9554-b06fa459f667', 50050, '2023-04-26T21:55:15.598Z', null, '42904060-7aac-4aee-9089-e33af992a658'),('663236c2-ebf0-4e96-80ad-b786443d04b3', 10500, '2023-04-26T02:57:31.181Z', null, '42904060-7aac-4aee-9089-e33af992a658'),('575bd63b-2519-4ca2-9b5c-bc629d2b6e15', 105300, '2023-04-26T02:55:48.097Z', null, 'fe18f6f7-b589-4692-8deb-48d603748be7'),('ce2eb9cd-3a32-4290-9af3-838c4bc3ba8b', 101100, '2023-04-25T18:19:05.518Z', null, '42904060-7aac-4aee-9089-e33af992a658'),('e117a7ad-8642-410a-985e-2a83d1a24858', 32581, '2023-04-25T00:23:14.955Z', null, 'b0c2dbc8-b625-416c-a03c-27c9b46015a2'),('97b1ad3b-353d-4367-9179-16fa62e55ae7', 88330, '2023-04-24T05:00:00.000Z', null, 'b0c2dbc8-b625-416c-a03c-27c9b46015a2'),('0bddac66-300d-4e41-a42d-84a81cb1c694', 102622, '2023-04-24T22:49:01.923Z', null, '42904060-7aac-4aee-9089-e33af992a658'),('91b40457-766b-42ed-b02e-cdf13de48578', 93550, '2023-04-23T20:31:35.200Z', null, '42904060-7aac-4aee-9089-e33af992a658'),('e3128b07-2d62-4dae-9334-3ccf5f98e662', 199640, '2023-04-23T19:29:56.137Z', null, 'fb54d1a9-f7cc-4605-8512-b84d987cc372'),('08d46725-9eac-491b-ae81-4f674133004b', 56400, '2023-04-23T19:26:30.749Z', null, '4b42d234-7ff1-427c-9630-465493b6ebd4'),('b3c8c21b-d04e-43cc-ad80-965369b4f9fd', 72910, '2023-04-23T19:23:49.704Z', null, 'a66f79db-f344-4365-ad19-0ef52a4fc841'),('56510bc1-3023-4090-b711-526c8bef020c', 85632, '2023-04-23T19:22:20.203Z', null, 'a66f79db-f344-4365-ad19-0ef52a4fc841'),('a5bfac25-2625-4297-b6ef-fb0fe64cb015', 70300, '2023-04-23T19:18:53.841Z', null, 'a66f79db-f344-4365-ad19-0ef52a4fc841'),('0d0f0d1e-35a4-4211-9809-bc6f5cac0aaf', 94556, '2023-04-23T00:21:19.238Z', null, '42904060-7aac-4aee-9089-e33af992a658'),('3501a973-cebe-4a87-85cd-949f555b37fc', 140000, '2023-04-22T19:38:22.848Z', null, 'fe18f6f7-b589-4692-8deb-48d603748be7'),('68cb6cde-e3b4-4bf0-acb3-7ad22d22580d', 41404, '2023-04-22T03:28:13.711Z', null, '42904060-7aac-4aee-9089-e33af992a658'),('2ac6273e-a161-4590-b0a0-21953623bd58', 572866, '2023-04-21T21:50:04.327Z', null, '0f5fd820-7735-4a28-bcb3-096db83d03e8'),('add4ac04-9202-49ab-9d3c-fa66dbc6efe0', 80000, '2023-04-21T21:48:36.416Z', null, '0f5fd820-7735-4a28-bcb3-096db83d03e8'),('df456761-94a8-4adb-b83a-af2170c6805c', 55000, '2023-04-21T19:49:29.988Z', null, '9ef81cf5-f8e7-4c0f-8758-81ccacc934cc'),('6c3acac2-ebcc-4fe3-a5f5-93237df83d8c', 20000, '2023-04-21T19:15:42.656Z', null, 'fe18f6f7-b589-4692-8deb-48d603748be7'),('3a902cbe-eec5-43d0-aa25-293669d772b6', 15950, '2023-04-21T06:35:52.639Z', null, '42904060-7aac-4aee-9089-e33af992a658'),('e6333bb3-0bec-4b72-9216-2163201cb905', 151314, '2023-04-21T01:00:42.981Z', null, '2c2291a6-5618-47b6-a30f-aebd370269c2'),('6a805c1b-86af-4687-a39c-e5aedd929e4c', 17851, '2023-04-21T00:57:05.800Z', null, '0b135e7a-00ff-411a-b0fd-6b24a85d0d62'),('cff40771-6d1c-4777-9967-d5ad2872090a', 14500, '2023-04-20T23:53:10.456Z', null, '42904060-7aac-4aee-9089-e33af992a658'),('4d9114cb-33a3-4184-9720-835570a76a32', 27500, '2023-04-20T19:29:25.661Z', null, 'b0c2dbc8-b625-416c-a03c-27c9b46015a2'),('ec282141-c9b6-4c5c-9971-fde9d3fa2a3d', 19500, '2023-04-20T18:39:36.563Z', null, '42904060-7aac-4aee-9089-e33af992a658'),('5458b0f5-3ca5-4f97-9713-21838c580f88', 79900, '2023-04-20T15:59:50.811Z', 'Gym', 'fe18f6f7-b589-4692-8deb-48d603748be7'),('d97a06d4-2fd2-4fe6-ba63-6809eac029ba', 27000, '2023-04-19T20:46:37.604Z', null, '42904060-7aac-4aee-9089-e33af992a658'),('44c8fe25-2c2a-487e-ae1f-c9489ed4ebcb', 21000, '2023-04-19T04:04:43.913Z', null, '42904060-7aac-4aee-9089-e33af992a658'),('98e549ab-1beb-4541-ac26-de9ab7734fe0', 47800, '2023-04-19T01:54:16.653Z', null, '42904060-7aac-4aee-9089-e33af992a658'),('06729862-a538-47d0-b850-8b021b15a453', 959734, '2023-04-18T21:04:56.014Z', null, '7f1d9b81-dd8a-47c8-a32f-1345c88c4f15'),('bc9f2467-0b2f-43af-a999-e77e8c546b63', 5550, '2023-04-18T20:53:46.035Z', 'Avance costo', 'fe18f6f7-b589-4692-8deb-48d603748be7'),('bce27f4c-66e2-40d4-8909-0b31d26c8436', 50000, '2023-04-18T20:20:30.812Z', null, 'fe18f6f7-b589-4692-8deb-48d603748be7'),('700bda5f-2a33-4064-b82e-f28c07c4ea44', 20000, '2023-04-18T20:13:40.932Z', null, 'c17b8861-674d-4476-b4ca-56af28e445e6'),('51de03bc-8289-4ac4-9bb4-bfbaa89ba244', 10200, '2023-04-18T00:09:34.908Z', null, '42904060-7aac-4aee-9089-e33af992a658'),('e5af761a-4f11-4ca8-90c9-1cceb9655ee7', 35000, '2023-04-15T00:20:22.141Z', null, '1402b8fd-d7f9-4668-8571-9319cda86422'),('b8a62402-56b3-4cb8-af6e-87b6bc2267d4', 32600, '2023-04-15T00:03:40.925Z', null, '42904060-7aac-4aee-9089-e33af992a658'),('c8e6c121-08ab-427e-94da-acfbdd0f8159', 32950, '2023-04-15T00:02:49.188Z', null, '42904060-7aac-4aee-9089-e33af992a658'),('34f9aeb6-fc3f-43e4-a211-7e29fa33c277', 16900, '2023-04-14T21:38:53.430Z', null, '1402b8fd-d7f9-4668-8571-9319cda86422'),('f5b91ca6-2c05-40e9-9ca3-7ffb32970754', 65000, '2023-04-14T21:38:43.104Z', null, '42904060-7aac-4aee-9089-e33af992a658'),('d82e3157-f440-40f6-a5e8-bcd2b4e53ba9', 24100, '2023-04-14T03:05:14.766Z', null, '42904060-7aac-4aee-9089-e33af992a658'),('708a59b6-4d95-4171-85de-e7a8f68d988a', 26300, '2023-04-13T12:13:02.623Z', null, '42904060-7aac-4aee-9089-e33af992a658'),('49513bd9-a553-4f17-b28a-c342e0f0967f', 47000, '2023-04-13T03:13:58.587Z', null, '42904060-7aac-4aee-9089-e33af992a658'),('1f027e80-5d57-4c20-9362-fbdffe66c0fd', 16000, '2023-04-13T00:13:18.441Z', null, '42904060-7aac-4aee-9089-e33af992a658'),('affc7e80-ac29-4c3a-8392-be4138e68004', 170370, '2023-04-12T01:58:16.105Z', null, 'b0c2dbc8-b625-416c-a03c-27c9b46015a2'),('45bb0b54-4e49-4d99-9722-30d628bee1ec', 18051, '2023-04-12T01:01:34.008Z', null, '42904060-7aac-4aee-9089-e33af992a658'),('f3f2b982-8d61-4dca-b719-479f66ad3a88', 48600, '2023-04-11T21:06:04.777Z', null, '42904060-7aac-4aee-9089-e33af992a658'),('1ef3636e-68c4-40ee-9f2a-d10967bc5d05', 32700, '2023-04-11T06:12:30.986Z', null, '42904060-7aac-4aee-9089-e33af992a658'),('d3ffaebc-c8de-4521-8993-3da51edb0793', 36450, '2023-04-09T05:00:00.000Z', null, '42904060-7aac-4aee-9089-e33af992a658'),('93062415-85b7-4b52-9250-aabb79a54949', 80000, '2023-04-10T03:14:40.310Z', null, '0f5fd820-7735-4a28-bcb3-096db83d03e8'),('a1a889bc-23b4-4697-8df0-dec0e5ebfbb6', 115378, '2023-04-09T23:49:57.614Z', null, '42904060-7aac-4aee-9089-e33af992a658'),('4068b98f-f623-4e2e-8072-e30c8693018d', 32000, '2023-04-09T23:49:34.704Z', null, '42904060-7aac-4aee-9089-e33af992a658'),('4b446a09-d7e9-4248-a6a3-aa78925eda46', 12500, '2023-04-09T00:58:29.472Z', null, '1402b8fd-d7f9-4668-8571-9319cda86422'),('95fa71f1-4b0b-4471-9c7b-7ae5008cdfdf', 4550, '2023-04-09T00:58:17.946Z', null, 'fe18f6f7-b589-4692-8deb-48d603748be7'),('94f5fec1-4fe1-4b3a-b3b4-c4b6ff1ce60a', 79600, '2023-04-08T02:22:43.519Z', null, '42904060-7aac-4aee-9089-e33af992a658'),('368cea59-fd9f-4fa0-9b12-9c6eae68571e', 59800, '2023-04-07T22:20:36.136Z', null, '42904060-7aac-4aee-9089-e33af992a658'),('1f877f51-0db8-4301-870a-2d0075cefb0f', 15000, '2023-04-07T21:33:19.506Z', null, '1402b8fd-d7f9-4668-8571-9319cda86422'),('5d9a736e-4bec-4dd3-adee-58d83094b193', 137470, '2023-04-07T01:21:10.196Z', null, 'b0c2dbc8-b625-416c-a03c-27c9b46015a2'),('3fd24222-f11c-4fcc-ab52-8170c5852de1', 11600, '2023-04-06T20:41:59.783Z', null, '42904060-7aac-4aee-9089-e33af992a658'),('af5205cc-82c2-499c-ace8-51a670a8e9ef', 42800, '2023-04-06T03:23:05.847Z', null, '42904060-7aac-4aee-9089-e33af992a658'),('78242e04-c4f6-4eee-b17b-71e5f0118258', 11700, '2023-04-06T02:50:29.521Z', null, 'fe18f6f7-b589-4692-8deb-48d603748be7'),('8335086f-1db5-496d-8fc8-f56b06fa5ff7', 181200, '2023-04-05T03:26:58.907Z', null, 'fe18f6f7-b589-4692-8deb-48d603748be7'),('51e53a56-dd63-4948-82e0-1878e23397a9', 60000, '2023-04-04T18:12:12.701Z', null, '1402b8fd-d7f9-4668-8571-9319cda86422'),('0b804e4f-1b37-412d-857b-dd047073b8df', 38100, '2023-04-04T00:52:17.463Z', null, '1402b8fd-d7f9-4668-8571-9319cda86422'),('73b325b3-c045-4997-906a-9a0761047a9b', 60000, '2023-04-03T22:32:51.081Z', null, '0f5fd820-7735-4a28-bcb3-096db83d03e8'),('fbfdade5-e725-48a1-b94c-98629b3ac154', 19000, '2023-04-03T02:24:13.615Z', null, '42904060-7aac-4aee-9089-e33af992a658'),('e2a85ed2-1335-41d3-9369-e08b65b66ba9', 81010, '2023-04-02T22:40:30.665Z', null, 'b0c2dbc8-b625-416c-a03c-27c9b46015a2'),('da76d9e5-c929-4068-b5f1-420b89fcae3f', 144200, '2023-04-02T22:03:17.271Z', null, '42904060-7aac-4aee-9089-e33af992a658'),('63884413-9383-4bd5-8b6e-a2a37102b8ca', 14500, '2023-04-02T19:44:31.308Z', null, '42904060-7aac-4aee-9089-e33af992a658'),('020f38b8-3230-49c4-a3d8-a508137c3722', 800000, '2023-04-02T17:45:32.858Z', null, '180bf572-802d-40d3-a444-ed2dd5946e5e'),('a4ca5b97-ff78-4030-994f-055b824b684b', 16900, '2023-04-02T15:30:16.798Z', null, '42904060-7aac-4aee-9089-e33af992a658'),('e31a9b11-98af-4c1d-bbb9-cc1d4d8a43c5', 33000, '2023-04-02T04:14:05.415Z', null, '42904060-7aac-4aee-9089-e33af992a658'),('ece2aa4d-a64f-4761-8975-0b2b5222c2a7', 50000, '2023-04-02T00:40:53.558Z', null, '42904060-7aac-4aee-9089-e33af992a658'),('6dbe2625-7b10-451c-b369-c6f1c134b99a', 18000, '2023-04-01T23:10:33.840Z', null, 'fe18f6f7-b589-4692-8deb-48d603748be7'),('d3cd2383-14e5-450d-825c-e5146bb02aef', 10000, '2023-04-01T20:47:14.930Z', null, 'fe18f6f7-b589-4692-8deb-48d603748be7'),('8d712503-d019-4c34-a32f-32168e333a14', 56000, '2023-04-01T19:18:56.190Z', null, '42904060-7aac-4aee-9089-e33af992a658'),('56bf25ab-1d1c-4bd9-831d-b70f84ab7b66', 35000, '2023-04-01T18:07:40.511Z', null, '0f5fd820-7735-4a28-bcb3-096db83d03e8'),('c1eed30b-0055-44cb-8030-265a43a2131f', 74078, '2023-04-01T17:45:31.451Z', null, '42904060-7aac-4aee-9089-e33af992a658'),('d870da3a-c274-4545-a2bd-d0da2cee2bee', 179236, '2023-03-31T21:31:45.622Z', null, '1402b8fd-d7f9-4668-8571-9319cda86422'),('8ee998e0-aee4-45d5-8f25-ceee529784bf', 184750, '2023-03-31T05:00:00.000Z', null, 'fe18f6f7-b589-4692-8deb-48d603748be7'),('955edffe-b067-46b1-8581-ea83a28c7858', 3219766, '2023-03-30T17:56:16.448Z', null, '1e35bcba-1e6b-4467-b164-1cecbc380247'),('43b767fb-4698-40bb-a8aa-7a4a1f72863f', 1914151, '2023-03-30T17:36:03.553Z', null, '0df5a64a-0d25-40d9-a184-2615f247be2a'),('5dca4c32-1d27-4521-8a9c-c3c529e7f709', 12780960, '2023-03-30T17:35:39.055Z', null, 'aabff692-d707-474d-8558-82b1793db187'),('1fa5e8c0-6ca3-4928-8730-98311f7c5f48', 150301, '2023-03-29T01:19:39.280Z', null, 'b0c2dbc8-b625-416c-a03c-27c9b46015a2'),('012978e8-2336-4b7b-b282-e13e17f9377d', 15800, '2023-03-28T19:21:55.063Z', null, '1402b8fd-d7f9-4668-8571-9319cda86422'),('45e58dc8-6ffd-43c3-94e9-d886d4c1704b', 15300, '2023-03-27T22:01:52.443Z', null, '42904060-7aac-4aee-9089-e33af992a658'),('c0817c9f-0a6c-4ddb-aed5-1c206b7f904a', 54400, '2023-03-26T23:05:56.066Z', null, '42904060-7aac-4aee-9089-e33af992a658'),('f27f05cb-df63-4410-9afe-79436612f91a', 0, '2023-03-25T17:47:16.690Z', '193500 con alamano', 'fb54d1a9-f7cc-4605-8512-b84d987cc372'),('ef3d803e-d283-4ab7-8cea-6c15baa0793c', 0, '2023-03-25T17:38:00.923Z', null, 'a66f79db-f344-4365-ad19-0ef52a4fc841'),('7c3cc11f-20cb-4283-8006-16e14f3047ff', 30950, '2023-03-25T04:33:24.174Z', null, '42904060-7aac-4aee-9089-e33af992a658'),('0b0a1cdf-9227-4982-b655-1adb8e5a2bc4', 14900, '2023-03-25T01:09:03.551Z', null, '42904060-7aac-4aee-9089-e33af992a658'),('ad25a378-6a09-42b3-96b5-d8b375f2cc46', 10500, '2023-03-24T03:10:11.556Z', null, '1402b8fd-d7f9-4668-8571-9319cda86422'),('2e89dd60-65ab-40b3-a614-31059c954eb5', 84480, '2023-03-23T23:04:32.498Z', null, '42904060-7aac-4aee-9089-e33af992a658'),('9e306125-9ab7-4663-9b72-113ce40f379a', 2500000, '2023-03-22T05:00:00.000Z', null, 'fe18f6f7-b589-4692-8deb-48d603748be7'),('08fa404a-6811-49f8-ab4e-caaaf8112ca5', 32650, '2023-03-22T06:12:39.116Z', null, '42904060-7aac-4aee-9089-e33af992a658'),('b75b5481-0495-4d97-9205-ce29adaa5513', 60000, '2023-03-22T00:27:31.788Z', null, '0f5fd820-7735-4a28-bcb3-096db83d03e8'),('16a41fc3-2c92-4cfb-a487-5bf15c8cd908', 79900, '2023-03-21T14:53:55.660Z', null, '9ef81cf5-f8e7-4c0f-8758-81ccacc934cc'),('288829b8-daad-435d-bd0a-806848041697', 849900, '2023-03-19T23:08:35.704Z', 'xiaomi redmi 11 con tarjeta de credito', 'fe18f6f7-b589-4692-8deb-48d603748be7'),('0def1ccc-8b07-4ebf-a48b-4fe0a99066ff', 95165, '2023-03-18T05:00:00.000Z', null, '42904060-7aac-4aee-9089-e33af992a658'),('ef5d57d8-6b9e-4369-9669-f5d07a9d1ebb', 50000, '2023-03-18T22:52:16.477Z', null, '0f5fd820-7735-4a28-bcb3-096db83d03e8'),('d1d1f9d2-455e-4fb5-8cb6-be2075bacc47', 160016, '2023-03-18T15:37:04.723Z', null, '2c2291a6-5618-47b6-a30f-aebd370269c2'),('e40e1e66-7ae7-4df8-b4a2-c4db5a5fb35a', 0, '2023-03-18T05:00:00.000Z', 'salió de bancolombia a la mano', '4b42d234-7ff1-427c-9630-465493b6ebd4'),('449a4573-b4a0-430e-8203-7f87d8a8d0ff', 70300, '2023-03-18T15:20:25.360Z', null, 'a66f79db-f344-4365-ad19-0ef52a4fc841'),('25cb7c71-6053-42dc-94a3-aa1a349675ff', 10000, '2023-03-18T05:18:33.047Z', 'Hans', '42904060-7aac-4aee-9089-e33af992a658'),('b04c509f-c416-42e3-9c34-2660487af8f2', 16900, '2023-03-17T22:40:43.135Z', null, '1402b8fd-d7f9-4668-8571-9319cda86422'),('4e0e8bc3-888c-4a4e-8dfb-27a13315bffc', 18000, '2023-03-17T03:31:57.917Z', null, '1402b8fd-d7f9-4668-8571-9319cda86422'),('0227bae5-2514-49cc-a401-f4b597620239', 32000, '2023-03-16T21:34:09.283Z', null, '42904060-7aac-4aee-9089-e33af992a658'),('0f282013-a016-4257-9026-fd7dc657071c', 178774, '2023-03-15T20:43:46.806Z', null, 'b0c2dbc8-b625-416c-a03c-27c9b46015a2'),('3072e915-a9aa-40cb-ad63-5b874bb56d81', 40900, '2023-03-15T05:03:35.957Z', null, '42904060-7aac-4aee-9089-e33af992a658'),('04401941-406b-40b5-a19c-8431d857fdb0', 53000, '2023-03-14T21:50:52.157Z', null, '1402b8fd-d7f9-4668-8571-9319cda86422'),('7b65fcbc-b7e5-488d-abaa-df6e50e18b94', 3500, '2023-03-14T14:40:51.823Z', null, '1402b8fd-d7f9-4668-8571-9319cda86422'),('4444ad47-b51f-40b8-9434-a6a4d56210e6', 876000, '2023-03-13T20:24:17.662Z', null, '0f5fd820-7735-4a28-bcb3-096db83d03e8'),('805f674c-eec4-4e26-8cf8-285ff5cc4901', 1000000, '2023-03-13T03:04:52.352Z', null, 'fe18f6f7-b589-4692-8deb-48d603748be7'),('a0af936d-b6cd-4185-9825-c84f88391610', 20000, '2023-03-13T03:04:43.206Z', null, 'fe18f6f7-b589-4692-8deb-48d603748be7'),('e62f1d72-3b62-4295-8731-4efb1aa30175', 30000, '2023-03-13T03:04:33.776Z', null, 'fe18f6f7-b589-4692-8deb-48d603748be7'),('bd8332de-513e-4dfa-aabf-980721dab07c', 15000, '2023-03-13T03:04:23.777Z', null, '1402b8fd-d7f9-4668-8571-9319cda86422'),('c4c94136-aed8-49ba-b91b-40bf54d57522', 301350, '2023-03-13T03:04:13.675Z', null, '42904060-7aac-4aee-9089-e33af992a658'),('87be0d1f-0139-49bc-9bfd-8a41624e79ac', 30000, '2023-03-13T03:03:54.398Z', null, '42904060-7aac-4aee-9089-e33af992a658'),('6ffdd1cc-b157-4ef2-9f39-deb6b1af0e34', 6500, '2023-03-11T05:00:00.000Z', null, '1402b8fd-d7f9-4668-8571-9319cda86422'),('67190a32-c41c-4a53-b681-171683573b0e', 300000, '2023-03-11T05:00:00.000Z', null, 'fe18f6f7-b589-4692-8deb-48d603748be7'),('3f79fdda-f499-4f1d-9ad7-ce5d07c75e36', 86967, '2023-03-11T05:00:00.000Z', null, '0f5fd820-7735-4a28-bcb3-096db83d03e8'),('8de86bd2-7169-4a9a-9536-01765a5a8ab7', 147652, '2023-03-10T05:00:00.000Z', null, 'b0c2dbc8-b625-416c-a03c-27c9b46015a2'),('83853fe1-a34e-497c-982c-cd5c9f386be4', 557280, '2023-03-10T05:00:00.000Z', null, '42904060-7aac-4aee-9089-e33af992a658'),('026db738-6c96-41f8-b92c-e8eefddad821', 50000, '2022-10-29T21:04:00.000Z', null, 'fe18f6f7-b589-4692-8deb-48d603748be7'),('092e4ee5-9528-4652-8ca5-6cffd7c72ecf', 3000000, '2022-10-01T05:00:00.000Z', null, '0df5a64a-0d25-40d9-a184-2615f247be2a'),('b06f31c0-f4ec-4525-bbe7-2746622095f6', 9506279, '2022-10-28T17:00:00.000Z', null, 'aabff692-d707-474d-8558-82b1793db187'),('35ce1bec-9be6-4128-b378-207e19226236', 1914151, '2022-10-28T21:13:00.000Z', null, '0df5a64a-0d25-40d9-a184-2615f247be2a'),('fc247c43-52f0-4eec-926e-e3e95645dc1e', 50000, '2022-10-29T20:20:00.000Z', null, 'c17b8861-674d-4476-b4ca-56af28e445e6'),('dfa8ffd9-f0b7-47e3-b412-146edcc7c603', 60676, '2022-10-31T05:00:00.000Z', null, 'a66f79db-f344-4365-ad19-0ef52a4fc841'),('6a68d66c-8b9e-4315-af03-f917242910e5', 10000, '2022-10-31T22:36:00.000Z', null, 'fe18f6f7-b589-4692-8deb-48d603748be7'),('374f7c2a-d8b6-4e2f-a07a-c0ce00b5d895', 55400, '2022-11-01T05:00:00.000Z', null, '4b42d234-7ff1-427c-9630-465493b6ebd4'),('4fceabbe-5a40-43eb-96a8-f67f30bf336b', 20000, '2022-11-01T19:39:00.000Z', null, 'fe18f6f7-b589-4692-8deb-48d603748be7'),('82fc15be-af8c-42a5-a691-29cab6e2f37d', 50000, '2022-11-01T23:57:00.000Z', null, '0f5fd820-7735-4a28-bcb3-096db83d03e8'),('4edbfbb6-417c-4fa9-b5e2-9bbbfea5244f', 700000, '2022-11-02T14:09:00.000Z', null, 'fe18f6f7-b589-4692-8deb-48d603748be7'),('5814510a-8973-47c2-9ea7-b13cf248685c', 21000, '2022-11-03T02:02:00.000Z', null, '42904060-7aac-4aee-9089-e33af992a658'),('5fc3755f-c220-4f20-ba22-4be8d50cc268', 50300, '2022-11-03T02:03:00.000Z', null, '42904060-7aac-4aee-9089-e33af992a658'),('0a78f2e9-3aba-4587-902b-e86d43c873a9', 34280, '2022-11-03T02:05:00.000Z', null, 'b0c2dbc8-b625-416c-a03c-27c9b46015a2'),('8ab85cbe-fe93-4cba-93e6-150ee5c2eb73', 7500, '2022-11-03T02:05:00.000Z', null, 'fe18f6f7-b589-4692-8deb-48d603748be7'),('ac38b7ec-e54a-4e56-b461-fa0efc36e121', 50000, '2022-11-03T03:37:00.000Z', null, '42904060-7aac-4aee-9089-e33af992a658'),('d1c27b92-3e3d-4bb9-a099-f334028576a9', 200000, '2022-11-04T21:33:00.000Z', null, '42904060-7aac-4aee-9089-e33af992a658'),('de6c39f4-8d14-4fb2-85f4-f566c2c267a4', 1100000, '2022-11-04T21:33:00.000Z', null, '0f5fd820-7735-4a28-bcb3-096db83d03e8'),('0f98bfd3-d6f0-411a-92d0-0e14a2f63380', 170000, '2022-11-06T03:04:00.000Z', null, 'b0c2dbc8-b625-416c-a03c-27c9b46015a2'),('e5cda739-47e5-43a8-b38e-00126b5141db', 143700, '2022-11-06T16:02:00.000Z', null, 'fe18f6f7-b589-4692-8deb-48d603748be7'),('95d7e6b0-264b-4b6b-bcaa-e65e28396eae', 186600, '2022-11-06T22:57:00.000Z', null, 'fe18f6f7-b589-4692-8deb-48d603748be7'),('3885292f-5037-4514-b8ec-1b9f6a2db8d4', 30000, '2022-11-06T22:57:00.000Z', null, '0f5fd820-7735-4a28-bcb3-096db83d03e8'),('6b837482-49e0-455b-a51a-a5ae9dd15ba3', 14900, '2022-11-06T23:00:00.000Z', null, 'fe18f6f7-b589-4692-8deb-48d603748be7'),('12f35a07-788f-411e-8a0f-fecc9e3dabe4', 59900, '2022-11-06T23:00:00.000Z', 'Smarfit mom', 'fe18f6f7-b589-4692-8deb-48d603748be7'),('ae835993-dd58-4969-bbbe-39a90077aaf8', 41000, '2022-11-07T21:40:00.000Z', null, 'fe18f6f7-b589-4692-8deb-48d603748be7'),('ec5c49d8-1e63-4fba-8d16-7af24b96cbdf', 30000, '2022-11-08T04:22:00.000Z', null, '0f5fd820-7735-4a28-bcb3-096db83d03e8'),('ec3f574c-cbe0-46be-ae73-da05945502fb', 7500, '2022-11-09T17:35:00.000Z', null, 'fe18f6f7-b589-4692-8deb-48d603748be7'),('3b20a8c1-872a-4bb6-9051-0d846a16dc4a', 11000, '2022-11-09T18:06:00.000Z', null, 'fe18f6f7-b589-4692-8deb-48d603748be7'),('b5aefc3d-835e-4db7-b729-bec6204b7313', 1499000, '2022-11-09T18:50:00.000Z', null, 'b0c2dbc8-b625-416c-a03c-27c9b46015a2'),('369e349a-2133-40b0-9960-82a982e0291c', 50000, '2022-11-09T23:20:00.000Z', null, 'fe18f6f7-b589-4692-8deb-48d603748be7'),('f0dd95d4-b450-4948-9a75-3d585afde22b', 51000, '2022-11-10T15:11:00.000Z', null, 'fe18f6f7-b589-4692-8deb-48d603748be7'),('35eb0a7e-1e4a-4933-8286-6b1b19842655', 63000, '2022-11-10T23:13:00.000Z', null, 'fe18f6f7-b589-4692-8deb-48d603748be7'),('ecccd755-c167-4f45-b7ae-c885031e40b8', 13340, '2022-11-11T01:01:00.000Z', null, 'b0c2dbc8-b625-416c-a03c-27c9b46015a2'),('71b708d0-7d6d-4dc3-95ad-91ebb8221176', 20000, '2022-11-11T18:55:00.000Z', null, 'fe18f6f7-b589-4692-8deb-48d603748be7'),('d175d0cc-7849-4adb-8da6-33ff9ae4a444', 40000, '2022-11-12T01:20:00.000Z', null, '0f5fd820-7735-4a28-bcb3-096db83d03e8'),('3b4c299d-5ead-471e-9589-60d7e6198a07', 144933, '2022-11-11T05:00:00.000Z', null, 'fb54d1a9-f7cc-4605-8512-b84d987cc372'),('9052e52e-4403-43a5-a57e-16199eb5ab87', 221462, '2022-11-11T05:00:00.000Z', null, '2c2291a6-5618-47b6-a30f-aebd370269c2'),('4d450842-5840-4ce7-a164-2aabc8786b58', 3014, '2022-11-11T05:00:00.000Z', null, '0b135e7a-00ff-411a-b0fd-6b24a85d0d62'),('5fda5ec3-5fb4-4a0d-ada7-07208339f93d', 200000, '2022-11-12T15:29:00.000Z', null, 'fe18f6f7-b589-4692-8deb-48d603748be7'),('da9473be-6109-4064-a1dd-d5ee601dc467', 40000, '2022-11-14T21:32:00.000Z', null, '9ef81cf5-f8e7-4c0f-8758-81ccacc934cc'),('97701297-ef86-4d24-a169-0809b9640189', 7500, '2022-11-14T22:45:00.000Z', null, 'fe18f6f7-b589-4692-8deb-48d603748be7'),('2c0dc0c6-ec78-48fc-8ea4-4ad1394d93a5', 28323, '2022-11-15T04:43:00.000Z', null, 'b0c2dbc8-b625-416c-a03c-27c9b46015a2'),('20f55c47-8db9-4238-a907-abb7f71d0308', 30000, '2022-11-15T22:04:54.697Z', null, 'fe18f6f7-b589-4692-8deb-48d603748be7'),('d4ceb98b-5b9f-4222-8b79-0ec8dd73c9b0', 60778, '2022-11-15T05:00:00.000Z', null, 'a66f79db-f344-4365-ad19-0ef52a4fc841'),('df2fdcb3-0a95-42a1-8191-172cd8852202', 50000, '2022-11-16T01:09:00.000Z', null, '0f5fd820-7735-4a28-bcb3-096db83d03e8'),('412d539a-ba4a-47f6-b836-766d0de0c97e', 70000, '2022-11-16T17:21:42.355Z', null, 'fe18f6f7-b589-4692-8deb-48d603748be7'),('0520af69-6c2c-4113-ad93-42d9cadc8e3b', 170000, '2022-11-16T23:24:34.881Z', null, '9ef81cf5-f8e7-4c0f-8758-81ccacc934cc'),('e6d7fbb0-caf9-4a79-9ae9-619d319e448d', 67335, '2022-11-19T23:21:52.347Z', null, 'b0c2dbc8-b625-416c-a03c-27c9b46015a2'),('637287f6-5663-426b-942f-0e60699c2acb', 100000, '2022-11-19T23:32:53.577Z', null, 'fe18f6f7-b589-4692-8deb-48d603748be7'),('01bd930e-8852-4bf2-91ce-e42f782cb454', 7500, '2022-11-20T02:43:19.136Z', null, 'fe18f6f7-b589-4692-8deb-48d603748be7'),('ed853b1a-c284-4f7e-a6f2-85926a0aa850', 178634, '2022-11-20T05:00:00.000Z', null, 'fb54d1a9-f7cc-4605-8512-b84d987cc372'),('d56e4e9d-d4c8-4954-adee-2137a08a6c84', 8270, '2022-11-20T05:00:00.000Z', null, '0b135e7a-00ff-411a-b0fd-6b24a85d0d62'),('6c097a72-4c64-48b4-be7a-b1e9e83b1b7b', 3277856, '2022-11-21T17:05:00.000Z', null, '1e35bcba-1e6b-4467-b164-1cecbc380247'),('87810a1f-aa32-4efa-a22a-18132499ee65', 59900, '2022-11-22T03:46:00.000Z', null, '9ef81cf5-f8e7-4c0f-8758-81ccacc934cc'),('1650ad63-1943-45ef-92fd-a10c5ac24d97', 200000, '2022-11-22T21:46:59.482Z', null, 'fe18f6f7-b589-4692-8deb-48d603748be7'),('7edf10f0-253a-45e2-8943-6613230a9a14', 60000, '2022-11-23T01:05:00.000Z', null, '0f5fd820-7735-4a28-bcb3-096db83d03e8'),('06efa304-125e-4453-a7d0-22ee386f53da', 131606, '2022-11-23T05:00:00.000Z', null, 'a66f79db-f344-4365-ad19-0ef52a4fc841'),('5f318984-1907-45a7-bdad-d8f11784460c', 42041, '2022-11-24T00:00:09.532Z', null, 'b0c2dbc8-b625-416c-a03c-27c9b46015a2'),('e93bcba6-73f3-44ca-a3f8-f9ab8bd1d1a6', 14900, '2022-11-25T01:03:09.471Z', null, 'fe18f6f7-b589-4692-8deb-48d603748be7'),('e53615df-fea2-44d3-8bf2-484c67faed66', 16538, '2022-11-25T02:22:08.407Z', null, 'fe18f6f7-b589-4692-8deb-48d603748be7'),('b88fbe39-c742-4358-a0ff-a3593ebae1f6', 9950, '2022-11-25T22:58:02.332Z', null, 'fe18f6f7-b589-4692-8deb-48d603748be7'),('22208374-8845-4c40-b6b6-27da647a55f2', 26000, '2022-11-26T01:10:52.591Z', null, 'fe18f6f7-b589-4692-8deb-48d603748be7'),('6fbd2af6-347f-4739-8103-52e6342b3174', 57800, '2022-11-25T01:40:00.000Z', null, 'fe18f6f7-b589-4692-8deb-48d603748be7'),('9192828a-705c-4e2c-ae3d-4feda9b758c3', 7500, '2022-11-26T17:14:15.613Z', null, 'fe18f6f7-b589-4692-8deb-48d603748be7'),('80da8de8-9f0b-410b-a276-03ff0167c2d4', 10800, '2022-11-26T19:30:47.579Z', null, 'fe18f6f7-b589-4692-8deb-48d603748be7'),('65166a38-ba1b-4766-a758-bfb6e9f2ac74', 10000, '2022-11-26T20:29:41.115Z', null, 'fe18f6f7-b589-4692-8deb-48d603748be7'),('faddaaa4-f77d-471f-8b11-1133c5ad76f1', 30000, '2022-11-27T02:37:00.000Z', null, 'fe18f6f7-b589-4692-8deb-48d603748be7'),('35946cee-b64a-46af-8ff4-8a2bb7493850', 109566, '2022-11-27T01:37:00.000Z', null, 'b0c2dbc8-b625-416c-a03c-27c9b46015a2'),('cd5b96cd-c05d-42a9-ae69-6ab11da40a30', 132625, '2022-11-28T00:18:09.169Z', null, 'b0c2dbc8-b625-416c-a03c-27c9b46015a2'),('2c5a1a98-0d82-417d-be4d-82e6c1a7051e', 50000, '2022-11-28T02:47:00.000Z', null, '0f5fd820-7735-4a28-bcb3-096db83d03e8'),('52996b22-cb22-4890-9157-b6e82a5bb5c0', 20000, '2022-11-28T03:32:06.822Z', null, 'fe18f6f7-b589-4692-8deb-48d603748be7'),('4438d4ec-9b95-4a5e-8e76-80c8f8e93d30', 11420430, '2022-11-29T17:40:11.945Z', null, 'aabff692-d707-474d-8558-82b1793db187'),('b1f792ab-1151-44e3-b5f4-56f48fc8c362', 100000, '2022-11-30T18:28:07.095Z', null, 'fe18f6f7-b589-4692-8deb-48d603748be7'),('aa4e3360-159a-404e-b31e-7e6c5d8d113a', 89000, '2022-12-01T19:05:00.000Z', null, '9ef81cf5-f8e7-4c0f-8758-81ccacc934cc'),('68ab2c41-d460-4a61-a00e-df5a0b766877', 700000, '2022-12-02T00:41:00.000Z', null, 'b0c2dbc8-b625-416c-a03c-27c9b46015a2'),('e5e8a791-6540-4857-90c9-dc977d96e523', 3000000, '2022-12-02T00:44:00.000Z', null, '0df5a64a-0d25-40d9-a184-2615f247be2a'),('4c07d4d6-df2c-4902-8646-82c1968cc938', 55400, '2022-12-01T05:00:00.000Z', null, '4b42d234-7ff1-427c-9630-465493b6ebd4'),('4b2a21cf-188b-4ad5-a736-d2de12aa8e20', 7500, '2022-12-02T21:14:12.577Z', null, 'fe18f6f7-b589-4692-8deb-48d603748be7'),('d92685a8-0c32-477a-b87b-e9308c9b469f', 5000, '2022-12-03T00:23:24.629Z', null, 'fe18f6f7-b589-4692-8deb-48d603748be7'),('37e7b4ab-d9f0-4eda-829a-c8421a665d7a', 70000, '2022-12-03T20:24:00.000Z', null, '0f5fd820-7735-4a28-bcb3-096db83d03e8'),('a7fb6875-4e36-4db3-a07b-ac8e117bda8c', 125000, '2022-12-04T06:59:07.058Z', null, '42904060-7aac-4aee-9089-e33af992a658'),('31b46de3-4109-40b9-8343-1e19b966328f', 133299, '2022-12-04T20:42:58.034Z', null, 'b0c2dbc8-b625-416c-a03c-27c9b46015a2'),('37cc698f-6728-494c-8c58-f31f41ee34a8', 14500, '2022-12-04T23:35:59.680Z', null, 'fe18f6f7-b589-4692-8deb-48d603748be7'),('09df5e85-9626-49bd-af35-a8b6a4821208', 10000, '2022-12-04T23:36:00.000Z', null, '0f5fd820-7735-4a28-bcb3-096db83d03e8'),('f12d334d-a824-4ca8-917b-823e1601a2ad', 11500, '2022-12-05T16:04:18.011Z', null, 'fe18f6f7-b589-4692-8deb-48d603748be7'),('6ef9b62d-9d06-452b-b32e-220d47976aa3', 6000, '2022-12-05T16:17:20.222Z', null, 'fe18f6f7-b589-4692-8deb-48d603748be7'),('8b512e45-f170-4c14-8629-17cee6d9bff8', 90000, '2022-12-06T00:05:45.235Z', null, 'fe18f6f7-b589-4692-8deb-48d603748be7'),('809b2beb-9205-41fd-a6df-937148f389d9', 32200, '2022-12-06T00:06:27.579Z', null, 'c17b8861-674d-4476-b4ca-56af28e445e6'),('2cec9162-c9b6-469e-ae12-d1476259b5ef', 50000, '2022-12-06T01:59:00.000Z', null, '0f5fd820-7735-4a28-bcb3-096db83d03e8'),('63da70b0-7352-40e5-9985-6d29cc075858', 10000, '2022-12-06T20:56:55.995Z', null, 'fe18f6f7-b589-4692-8deb-48d603748be7'),('7783361e-c7a5-4901-8bc3-a64c636977db', 90000, '2022-12-06T23:30:00.000Z', null, '1402b8fd-d7f9-4668-8571-9319cda86422'),('d649a246-fca4-4149-baf6-3df222e8cd97', 329900, '2022-12-07T21:12:38.910Z', null, 'b0c2dbc8-b625-416c-a03c-27c9b46015a2'),('f9b85927-4cd8-410b-ab75-09c16f56a3f0', 16500, '2022-12-08T01:13:21.093Z', null, 'b0c2dbc8-b625-416c-a03c-27c9b46015a2'),('77bedbb3-1608-48ac-9126-a32448a6fbb9', 68500, '2022-12-08T03:16:40.672Z', null, 'fe18f6f7-b589-4692-8deb-48d603748be7'),('7b77c33c-e520-4932-979c-c0e51f5eeea3', 80000, '2022-12-08T06:56:00.000Z', null, 'fe18f6f7-b589-4692-8deb-48d603748be7'),('b11cf13e-8bdf-40f1-a74d-30c9c3fe6910', 26900, '2022-12-08T06:56:24.905Z', null, 'fe18f6f7-b589-4692-8deb-48d603748be7'),('2591c8b5-bba5-463b-a6bc-a330d726032d', 19000, '2022-12-08T23:57:00.000Z', null, '1402b8fd-d7f9-4668-8571-9319cda86422'),('8435e4a5-2f52-406b-9e1e-73da5e9082d6', 15000, '2022-12-09T03:17:00.000Z', null, '1402b8fd-d7f9-4668-8571-9319cda86422'),('817d72e0-eb9a-41ae-8bde-7c50c3931c4d', 150000, '2022-12-09T19:53:00.000Z', null, '1402b8fd-d7f9-4668-8571-9319cda86422'),('eda7af5e-cfaa-4593-abaa-7bfbf5aaa06f', 7500, '2022-12-10T13:58:52.968Z', null, '1402b8fd-d7f9-4668-8571-9319cda86422'),('0a7207b6-e421-4c4c-9499-4d419d0ebd08', 108993, '2022-12-10T22:38:10.342Z', null, 'b0c2dbc8-b625-416c-a03c-27c9b46015a2'),('87ced626-c8cb-4838-81b5-359ce2b51830', 99500, '2022-12-11T20:54:53.339Z', null, '1402b8fd-d7f9-4668-8571-9319cda86422'),('aabaa7e1-07ca-43b5-96ba-ad208267821b', 103936, '2022-12-11T21:45:00.000Z', null, '0f5fd820-7735-4a28-bcb3-096db83d03e8'),('c5c801e7-9b45-4c26-9c5d-9d75844e3485', 300000, '2022-12-11T22:30:25.317Z', null, 'fe18f6f7-b589-4692-8deb-48d603748be7'),('388c1f42-5531-43e9-863d-1bd37cd1291e', 12400, '2022-12-12T23:56:01.541Z', null, '1402b8fd-d7f9-4668-8571-9319cda86422'),('d0d7e753-a7db-42c8-a120-793ffab2cf4b', 26690, '2022-12-14T01:35:58.255Z', null, 'b0c2dbc8-b625-416c-a03c-27c9b46015a2'),('d2923d3c-df41-4159-9c77-39c5efb35916', 143834, '2022-12-14T22:47:42.164Z', null, 'b0c2dbc8-b625-416c-a03c-27c9b46015a2'),('b1640af3-27b7-44d5-9ee4-bb96c8b02034', 136356, '2022-12-15T00:43:07.085Z', null, 'b0c2dbc8-b625-416c-a03c-27c9b46015a2'),('8f003d2a-9ff2-4cd8-a47a-394bbbee4f35', 50000, '2022-12-15T23:31:16.150Z', null, '1402b8fd-d7f9-4668-8571-9319cda86422'),('fac953c0-1d93-4a87-bdcc-b0932ab07408', 33500, '2022-12-16T04:37:23.869Z', null, '1402b8fd-d7f9-4668-8571-9319cda86422'),('98328ebb-15af-4fff-92cf-a241e4921251', 30500, '2022-12-17T15:10:42.272Z', null, 'fe18f6f7-b589-4692-8deb-48d603748be7'),('433b0e8b-4a82-41b7-88db-2ff402499655', 59900, '2022-12-17T15:12:00.000Z', null, '9ef81cf5-f8e7-4c0f-8758-81ccacc934cc'),('2982e259-2135-4908-a099-ba0179ef9152', 63310, '2022-12-17T05:00:00.000Z', null, 'a66f79db-f344-4365-ad19-0ef52a4fc841'),('15bc8050-1be7-4f1c-92db-3f445121ced0', 82638, '2022-12-17T05:00:00.000Z', null, 'a66f79db-f344-4365-ad19-0ef52a4fc841'),('8fb8a153-8a8d-4f67-9560-cea25ae491b3', 55400, '2022-12-17T05:00:00.000Z', null, '4b42d234-7ff1-427c-9630-465493b6ebd4'),('9f0acf69-e1fd-4281-be01-09ed6d9e7508', 137495, '2022-12-17T05:00:00.000Z', null, '2c2291a6-5618-47b6-a30f-aebd370269c2'),('29c559b5-cd43-49d6-8369-9ca1138bb392', 11640, '2022-12-17T05:00:00.000Z', null, '0b135e7a-00ff-411a-b0fd-6b24a85d0d62'),('fab528ac-1ca9-471f-9692-97d0b07b2c9c', 215000, '2022-12-17T22:19:00.000Z', null, '9ef81cf5-f8e7-4c0f-8758-81ccacc934cc'),('f3c35de7-7c18-4d46-80fd-0ef630df115d', 7500, '2022-12-18T00:11:00.000Z', null, '1402b8fd-d7f9-4668-8571-9319cda86422'),('9d8ae08f-bf3e-476d-8bb5-fe51dd13dc4f', 80000, '2022-12-18T19:27:44.974Z', null, '1402b8fd-d7f9-4668-8571-9319cda86422'),('6fdd83ab-0f94-4b07-b31d-bf9a2c3d6c6f', 26300, '2022-12-19T15:34:39.388Z', null, 'fe18f6f7-b589-4692-8deb-48d603748be7'),('45a2e1ab-230a-47c5-8a07-2cfeb684c0e9', 11000, '2022-12-19T15:34:57.218Z', null, 'fe18f6f7-b589-4692-8deb-48d603748be7'),('c518b420-ac17-4377-a1fa-947f3a4f3036', 191660, '2022-12-19T15:35:31.495Z', null, 'b0c2dbc8-b625-416c-a03c-27c9b46015a2'),('8e88782c-d8ff-4fad-90ff-b03ee3775142', 50000, '2022-12-20T01:01:25.002Z', null, '1402b8fd-d7f9-4668-8571-9319cda86422'),('f212594c-3571-4bf6-9d57-dfb0cc16015a', 39900, '2022-12-20T17:21:00.000Z', null, '9ef81cf5-f8e7-4c0f-8758-81ccacc934cc'),('0930869a-823b-4442-93c7-798cf4daeb97', 7500, '2022-12-22T13:39:28.057Z', null, '1402b8fd-d7f9-4668-8571-9319cda86422'),('259c53cc-f408-467f-a727-0a900da7a561', 30000, '2022-12-22T14:55:16.605Z', null, '1402b8fd-d7f9-4668-8571-9319cda86422'),('079a465c-7f6a-4945-842c-18c3c9d50277', 150000, '2022-12-22T19:11:42.601Z', null, '1402b8fd-d7f9-4668-8571-9319cda86422'),('38a6f330-2e08-41ca-9bfb-2cb0d82021a1', 40000, '2022-12-22T21:00:29.058Z', null, '1402b8fd-d7f9-4668-8571-9319cda86422'),('679bd0d1-6fe0-4826-82d6-9688ba0e96da', 221830, '2022-12-22T05:00:00.000Z', null, 'fb54d1a9-f7cc-4605-8512-b84d987cc372'),('727bce6e-6412-4dcc-a47b-cea6002c314c', 29900, '2022-12-23T23:54:52.112Z', null, '1402b8fd-d7f9-4668-8571-9319cda86422'),('99cd4c83-fb23-46ac-9c7c-8aafed96b129', 59900, '2022-12-24T00:57:27.687Z', null, 'b0c2dbc8-b625-416c-a03c-27c9b46015a2'),('8e215319-70a4-4ff4-91c0-c64ffe92ebae', 24800, '2022-12-24T00:59:36.357Z', null, 'fe18f6f7-b589-4692-8deb-48d603748be7'),('19458280-4ce5-4afa-ad7f-23bd57dcce6c', 80000, '2022-12-24T03:21:06.730Z', null, '1402b8fd-d7f9-4668-8571-9319cda86422'),('8388fa80-56f9-49c8-8ba8-9710290567c9', 50000, '2022-12-24T19:45:00.000Z', null, '0f5fd820-7735-4a28-bcb3-096db83d03e8'),('ab094d73-e50d-4d34-8841-4426fa9199a9', 200000, '2022-12-24T19:45:53.694Z', null, '1402b8fd-d7f9-4668-8571-9319cda86422'),('38812309-1600-4741-a315-b3fca948c95b', 14900, '2022-12-25T00:29:38.196Z', null, '42904060-7aac-4aee-9089-e33af992a658'),('cf8b8cd1-9d8f-491a-8c1b-74bb2a54142d', 80000, '2022-12-25T18:05:50.486Z', null, '1402b8fd-d7f9-4668-8571-9319cda86422'),('4028e5c4-8599-4a5b-a78f-29ad5452d580', 50000, '2022-12-25T23:29:35.595Z', null, '1402b8fd-d7f9-4668-8571-9319cda86422'),('53c34aa9-353a-48dd-85b6-3b281a7336b0', 7500, '2022-12-27T00:55:37.973Z', null, '1402b8fd-d7f9-4668-8571-9319cda86422'),('e2b35912-6d04-4e38-8cae-ad0ab7f338a6', 11420430, '2022-12-28T18:46:40.085Z', null, 'aabff692-d707-474d-8558-82b1793db187'),('d61a672f-5a39-45df-99f8-13c0265e4861', 19500, '2022-12-28T18:48:07.197Z', null, '1402b8fd-d7f9-4668-8571-9319cda86422'),('90a69913-5156-456a-a77e-c058c20ecea1', 1509850, '2022-12-28T20:56:39.532Z', null, 'fe18f6f7-b589-4692-8deb-48d603748be7'),('459a4493-792f-4476-b65a-3e5fc0ed6974', 67000, '2022-12-29T00:10:27.510Z', null, '1402b8fd-d7f9-4668-8571-9319cda86422'),('d9fae6e8-2aa7-4366-8541-5e0f005f156d', 52500, '2022-12-29T02:54:37.625Z', null, '42904060-7aac-4aee-9089-e33af992a658'),('44f33a40-bdf8-4fb3-9656-4810cdc35e7c', 40000, '2022-12-29T04:20:25.303Z', null, '1402b8fd-d7f9-4668-8571-9319cda86422'),('44a818da-acb4-4cae-b370-a009a895db02', 100000, '2022-12-29T22:02:52.760Z', null, '1402b8fd-d7f9-4668-8571-9319cda86422'),('e279d84e-ce39-48ca-a0b9-5b4ec5505d0d', 2808000, '2022-12-30T16:00:04.213Z', null, '1402b8fd-d7f9-4668-8571-9319cda86422'),('c7007224-957f-46c0-b336-70f62405008f', 3219766, '2022-12-30T16:10:00.000Z', null, '1e35bcba-1e6b-4467-b164-1cecbc380247'),('3de4a1da-ffec-47b8-8e76-4bfe47210192', 70000, '2022-12-30T20:32:00.000Z', null, '0f5fd820-7735-4a28-bcb3-096db83d03e8'),('91b650ca-6f7d-4400-80cf-01c224037176', 287900, '2022-12-30T22:22:40.850Z', null, 'fe18f6f7-b589-4692-8deb-48d603748be7'),('0e50af21-e5b9-4080-9bad-de2c12f3cbc3', 50000, '2022-12-30T22:22:55.793Z', null, 'fe18f6f7-b589-4692-8deb-48d603748be7'),('26ad5efe-4ea3-4aa4-934b-59fd0341e921', 80000, '2022-12-31T20:41:07.712Z', null, '1402b8fd-d7f9-4668-8571-9319cda86422'),('d1c4fc80-5682-4bb2-bc5b-5232c548aee5', 50000, '2022-12-31T20:41:17.359Z', null, '1402b8fd-d7f9-4668-8571-9319cda86422'),('795be3bc-e47c-416d-9b5c-cda3362e71c5', 200000, '2022-12-31T21:48:54.781Z', null, '1402b8fd-d7f9-4668-8571-9319cda86422'),('158f7ee2-142f-4e5f-8b0b-ca9937ac6ff3', 59900, '2023-01-02T15:26:00.000Z', null, '9ef81cf5-f8e7-4c0f-8758-81ccacc934cc'),('62fcfe7f-ac15-4e36-b0d3-03b30a3549af', 8500, '2023-01-02T23:20:50.761Z', null, '1402b8fd-d7f9-4668-8571-9319cda86422'),('94d70157-1a53-4fca-a1b5-389b78f97e6d', 190301, '2023-01-03T00:41:59.432Z', null, 'b0c2dbc8-b625-416c-a03c-27c9b46015a2'),('c9706ebd-2781-4a7e-b77a-73de01a8a059', 16900, '2023-01-03T01:07:01.565Z', null, '42904060-7aac-4aee-9089-e33af992a658'),('5132f71b-7471-4e71-ad13-07811dceffe6', 700000, '2023-01-03T19:03:48.253Z', null, 'b0c2dbc8-b625-416c-a03c-27c9b46015a2'),('1d09b591-498c-46e1-9362-5002de741e82', 7500, '2023-01-04T21:11:11.460Z', null, '1402b8fd-d7f9-4668-8571-9319cda86422'),('efc6e13e-75ca-406f-b99b-6b8b1481b8c6', 100000, '2023-01-04T21:11:23.013Z', null, '1402b8fd-d7f9-4668-8571-9319cda86422'),('59d96f31-7afd-4db9-a782-d713d0c69316', 20000, '2023-01-05T00:40:14.477Z', null, '1402b8fd-d7f9-4668-8571-9319cda86422'),('26d1f9e3-1640-4e0d-b2f0-219b2da28f7e', 95288, '2023-01-06T22:08:42.554Z', null, 'b0c2dbc8-b625-416c-a03c-27c9b46015a2'),('21473927-476d-4702-a00b-6984e2be62f9', 70200, '2023-01-06T05:00:00.000Z', null, 'a66f79db-f344-4365-ad19-0ef52a4fc841'),('8800d772-4ee4-4a89-bb13-2d9bc94b45fd', 18000, '2023-01-07T12:00:20.531Z', null, 'fe18f6f7-b589-4692-8deb-48d603748be7'),('ec44e860-6485-43d7-bf8b-a35f673d8262', 13200, '2023-01-08T01:55:24.071Z', null, 'fe18f6f7-b589-4692-8deb-48d603748be7'),('d30b08ec-8d21-4d47-b1b6-9413e84daccf', 8100, '2023-01-08T21:34:23.713Z', null, 'fe18f6f7-b589-4692-8deb-48d603748be7'),('eba94ad1-6a20-4737-b195-6e385423c318', 60000, '2023-01-08T05:00:00.000Z', null, '0f5fd820-7735-4a28-bcb3-096db83d03e8'),('78b1dcac-3924-45b5-874e-a8a36c12cf3f', 288600, '2023-01-08T22:11:35.448Z', null, 'fe18f6f7-b589-4692-8deb-48d603748be7'),('2d817a7d-caf8-4bb9-a174-c3574130fcc8', 50000, '2023-01-09T19:15:27.126Z', null, 'fe18f6f7-b589-4692-8deb-48d603748be7'),('19412753-a800-42db-adf3-477ff3927bb3', 9000, '2023-01-09T23:12:16.853Z', null, '1402b8fd-d7f9-4668-8571-9319cda86422'),('7c62f91c-1af5-4cbf-8594-3e27587e1dd9', 13700, '2023-01-09T23:12:28.806Z', null, '1402b8fd-d7f9-4668-8571-9319cda86422'),('15bab15e-38af-42f5-b40f-b63fc825003d', 7500, '2023-01-10T00:40:10.669Z', null, '1402b8fd-d7f9-4668-8571-9319cda86422'),('214c34bf-5d62-40e2-a0ba-14c06dfe0b9a', 50000, '2023-01-10T01:25:43.613Z', null, '1402b8fd-d7f9-4668-8571-9319cda86422'),('3695dbad-c1e7-40de-b028-f3fa22dc5b29', 50000, '2023-01-10T22:39:43.810Z', null, 'b0c2dbc8-b625-416c-a03c-27c9b46015a2'),('de6ae7a7-96a8-45fb-b539-98b48754c02d', 38550, '2023-01-11T03:03:01.281Z', null, '42904060-7aac-4aee-9089-e33af992a658'),('564a9904-3395-4e3e-8147-fa03abd651b4', 27000, '2023-01-12T00:31:50.380Z', null, '42904060-7aac-4aee-9089-e33af992a658'),('2bfddb4e-21a5-46f5-9954-599da6d42bd6', 50000, '2023-01-13T00:04:19.837Z', null, '1402b8fd-d7f9-4668-8571-9319cda86422'),('24f8651c-61ee-49d6-a573-af49b40c398e', 55400, '2023-01-12T05:00:00.000Z', null, '4b42d234-7ff1-427c-9630-465493b6ebd4'),('b8e2d41e-b0c5-46d2-931b-1cabd8f9d108', 7500, '2023-01-13T02:24:10.168Z', null, '1402b8fd-d7f9-4668-8571-9319cda86422'),('719224dc-72f5-4305-8eb7-b311eb1aac05', 11400, '2023-01-14T02:42:06.934Z', null, '1402b8fd-d7f9-4668-8571-9319cda86422'),('3ddcc385-3548-4c4a-b096-09b0f1aa9e68', 83200, '2023-01-15T03:41:46.716Z', null, '42904060-7aac-4aee-9089-e33af992a658'),('e06d979d-fb84-42bf-ac1d-dccaa03ed44c', 76000, '2023-01-15T19:21:21.133Z', null, '42904060-7aac-4aee-9089-e33af992a658'),('11715117-308c-428d-9755-6f63dad2d988', 24000, '2023-01-15T19:41:41.712Z', null, '42904060-7aac-4aee-9089-e33af992a658'),('3c3fc933-845c-4285-be79-0f4878c9e3f2', 389796, '2023-01-15T21:49:18.264Z', null, 'b0c2dbc8-b625-416c-a03c-27c9b46015a2'),('a68f5d3f-f471-4e43-9a69-2e94fdd11b09', 50000, '2023-01-15T21:51:08.023Z', null, 'fe18f6f7-b589-4692-8deb-48d603748be7'),('8d16ba9d-f870-4076-99c2-48591981e64e', 20100, '2023-01-16T23:38:24.229Z', null, '42904060-7aac-4aee-9089-e33af992a658'),('21a06462-e52b-4307-888e-fe3d9276f117', 40000, '2023-01-17T21:38:36.163Z', null, '1402b8fd-d7f9-4668-8571-9319cda86422'),('c5f801c9-5249-4265-85b4-5b2648dd6872', 50000, '2023-01-18T00:48:55.733Z', null, '1402b8fd-d7f9-4668-8571-9319cda86422'),('7600cc0f-3789-49c0-8611-e432abe48a3d', 140367, '2023-01-17T05:00:00.000Z', null, '2c2291a6-5618-47b6-a30f-aebd370269c2'),('e11eaed9-148a-4092-9776-6c959c7b616f', 14450, '2023-01-17T05:00:00.000Z', null, '0b135e7a-00ff-411a-b0fd-6b24a85d0d62'),('a10969ff-37fd-437d-bc54-11d853a74476', 82638, '2023-01-17T05:00:00.000Z', null, 'a66f79db-f344-4365-ad19-0ef52a4fc841'),('1fa5284e-5fe4-4b28-9f4a-671defae7e95', 2000000, '2023-01-20T00:44:33.599Z', null, '1402b8fd-d7f9-4668-8571-9319cda86422'),('73301930-59ff-466d-a672-3b1fed11f3b2', 39900, '2023-01-20T20:53:00.000Z', null, '9ef81cf5-f8e7-4c0f-8758-81ccacc934cc'),('3ddea4d5-7055-43b3-a4f5-fe52b3a0d02e', 60000, '2023-01-20T21:49:00.000Z', null, '0f5fd820-7735-4a28-bcb3-096db83d03e8'),('cf797719-7daf-42da-9d58-978934ddf3e4', 180000, '2023-01-21T00:08:02.548Z', null, 'fe18f6f7-b589-4692-8deb-48d603748be7'),('732a85e3-3ebe-4023-810b-b52232270662', 95820, '2023-01-21T00:08:12.779Z', null, '42904060-7aac-4aee-9089-e33af992a658'),('b53c7b28-87e4-404d-867c-07fbcb4e771f', 22500, '2023-01-21T01:31:47.819Z', null, '42904060-7aac-4aee-9089-e33af992a658'),('df25f265-3b3c-46b7-a3f9-18b105886241', 40000, '2023-01-21T18:04:59.751Z', null, '1402b8fd-d7f9-4668-8571-9319cda86422'),('32da10c1-fff5-44d1-9c71-5ea1a6ba53b9', 202830, '2023-01-21T05:00:00.000Z', null, 'fb54d1a9-f7cc-4605-8512-b84d987cc372'),('f34aa228-d9e7-4e78-a52a-858f493813cf', 161820, '2023-01-21T23:51:30.423Z', null, 'b0c2dbc8-b625-416c-a03c-27c9b46015a2'),('bf6e20b5-4573-4a18-af23-1e5a9a6a691a', 36000, '2023-01-22T20:07:21.101Z', null, '42904060-7aac-4aee-9089-e33af992a658'),('9e0ec992-8316-4ffb-8d5a-5901ab575bd8', 55600, '2023-01-22T21:43:02.535Z', null, '42904060-7aac-4aee-9089-e33af992a658'),('b4994f3b-66fc-47b4-8ca7-a12bc3fb96c1', 36400, '2023-01-23T06:13:13.468Z', null, '42904060-7aac-4aee-9089-e33af992a658'),('af9e1888-4f1a-4548-8fcd-1546b54c18c1', 70000, '2023-01-23T13:15:42.796Z', null, '42904060-7aac-4aee-9089-e33af992a658'),('8c6caa74-d43b-4bbb-9e94-9adfd94257f0', 109000, '2023-01-24T00:47:04.691Z', null, 'b0c2dbc8-b625-416c-a03c-27c9b46015a2'),('8ff11cc8-20fb-425a-9987-cd3b83907fcb', 50000, '2023-01-24T01:03:08.628Z', null, '1402b8fd-d7f9-4668-8571-9319cda86422'),('805b5314-f8d3-4c78-831c-5ce8d19d1492', 15000, '2023-01-24T21:43:55.068Z', null, '1402b8fd-d7f9-4668-8571-9319cda86422'),('0bca8e9e-4903-42aa-a326-3a33e72b2aec', 14500, '2023-01-25T00:36:16.169Z', null, '42904060-7aac-4aee-9089-e33af992a658'),('eaa3149b-dd4b-4599-b97f-09a1f3e77a50', 14450, '2023-01-25T04:02:54.659Z', null, '42904060-7aac-4aee-9089-e33af992a658'),('75719f00-71b2-4bcc-b85c-8e8bd18fd479', 250000, '2023-01-26T19:39:10.835Z', null, '1402b8fd-d7f9-4668-8571-9319cda86422'),('8646cf20-4f2f-45be-b9d9-4cfbdb15d835', 50000, '2023-01-27T22:22:35.428Z', null, '1402b8fd-d7f9-4668-8571-9319cda86422'),('e075ca38-1e2b-4207-85a0-2fe5bdbd6e24', 7500, '2023-01-28T00:38:47.198Z', null, '1402b8fd-d7f9-4668-8571-9319cda86422'),('17047430-9517-46e4-a6d8-dfee4053040d', 60250, '2023-01-28T01:48:21.066Z', null, '42904060-7aac-4aee-9089-e33af992a658'),('4a90ccec-9f63-424e-a84f-d1539680b33c', 92000, '2023-01-28T20:42:52.463Z', null, '1402b8fd-d7f9-4668-8571-9319cda86422'),('9e2fc8ff-2f5a-45c1-860e-dd50d835af3c', 120000, '2023-01-28T21:04:21.268Z', null, '42904060-7aac-4aee-9089-e33af992a658'),('06069708-72b3-4950-bc87-9609fd1d4d5b', 57000, '2023-01-28T21:21:51.116Z', null, 'fe18f6f7-b589-4692-8deb-48d603748be7'),('6a79ef8f-4a97-46e9-a256-15185fa48d56', 12000, '2023-01-28T21:22:06.006Z', null, 'fe18f6f7-b589-4692-8deb-48d603748be7'),('b63a1a9d-0fed-4a6a-922b-20daa93067e6', 50000, '2023-01-28T21:27:28.783Z', null, 'fe18f6f7-b589-4692-8deb-48d603748be7'),('27fef401-e605-4f18-9979-b2312fde37d5', 100000, '2023-01-29T01:00:35.070Z', null, '42904060-7aac-4aee-9089-e33af992a658'),('f37c6d24-31bc-4371-9b7c-2b027e080b77', 58000, '2023-01-29T23:08:58.540Z', null, '1402b8fd-d7f9-4668-8571-9319cda86422'),('34f4384d-fcde-470e-a31c-093c97f39668', 64000, '2023-01-30T13:19:29.311Z', null, '42904060-7aac-4aee-9089-e33af992a658'),('496e6496-c806-4d86-a906-44b5a62365f0', 36000, '2023-01-30T13:19:45.790Z', null, '42904060-7aac-4aee-9089-e33af992a658'),('41d71b5c-1a65-44d4-bd47-da32691f87c6', 97609, '2023-01-31T00:35:35.526Z', null, 'fe18f6f7-b589-4692-8deb-48d603748be7'),('e06ebfd7-98ed-499d-95d3-6865cd48eb78', 26000, '2023-01-31T00:57:28.740Z', null, 'fe18f6f7-b589-4692-8deb-48d603748be7'),('0680f1b9-acfc-45c4-aebe-97fb39b703dd', 3219766, '2023-01-31T15:40:00.000Z', null, '1e35bcba-1e6b-4467-b164-1cecbc380247'),('334b55ae-b0ca-41ef-a6cd-46359993c1eb', 29350, '2023-01-31T15:41:59.725Z', null, 'fe18f6f7-b589-4692-8deb-48d603748be7'),('0fafcbad-452a-430b-9f1e-8b50bf5572d3', 1914151, '2023-01-31T15:44:00.000Z', null, '0df5a64a-0d25-40d9-a184-2615f247be2a'),('9108a809-83b4-424c-bfd1-ff73c83a4c2d', 10879004, '2023-01-31T17:08:08.665Z', null, 'aabff692-d707-474d-8558-82b1793db187'),('c29f8b12-e40c-4ee3-9f6e-911995c64537', 1914151, '2023-01-31T17:08:24.030Z', null, 'aabff692-d707-474d-8558-82b1793db187'),('fbd8e9a3-e430-49bf-9c21-26cfaf7cfc9a', 30000, '2023-01-31T23:13:42.459Z', null, '9ef81cf5-f8e7-4c0f-8758-81ccacc934cc'),('2aaf8ea5-aed2-4e46-beff-da0acf05af3e', 59900, '2023-02-01T14:43:00.000Z', null, '9ef81cf5-f8e7-4c0f-8758-81ccacc934cc'),('7a7954e3-e2c0-449e-beeb-41e0938dbfbd', 68000, '2023-02-01T21:55:17.154Z', null, '1402b8fd-d7f9-4668-8571-9319cda86422'),('0efffec7-282d-4c14-979f-0eed5122268f', 30000, '2023-02-02T00:54:00.000Z', null, '1402b8fd-d7f9-4668-8571-9319cda86422'),('bfb9c858-5531-4168-b87d-4f52c9394926', 180000, '2023-02-02T01:10:06.869Z', 'Zapatos Nathy', 'fe18f6f7-b589-4692-8deb-48d603748be7'),('7466fa66-2d4b-4dc1-aaae-d1a95400e17d', 24520, '2023-02-02T02:59:57.380Z', null, 'b0c2dbc8-b625-416c-a03c-27c9b46015a2'),('f6ea5477-1198-463e-a233-df8a44cc015e', 26900, '2023-02-02T03:15:00.298Z', null, '42904060-7aac-4aee-9089-e33af992a658'),('9993fa44-4eb5-45a6-b6a6-d44c370bc920', 40000, '2023-02-02T23:20:33.296Z', null, '1402b8fd-d7f9-4668-8571-9319cda86422'),('09d55cf1-6743-4149-8b88-af0c53adfcd7', 141000, '2023-02-03T06:13:34.608Z', null, '42904060-7aac-4aee-9089-e33af992a658'),('4ee1ef75-e34b-414d-bd93-aeb82e1933e7', 33300, '2023-02-03T06:37:30.273Z', null, '1402b8fd-d7f9-4668-8571-9319cda86422'),('1b12e774-984b-411d-ae40-7bacd5f71c04', 700000, '2023-02-03T22:09:00.000Z', null, '180bf572-802d-40d3-a444-ed2dd5946e5e'),('b8af20c4-e222-4867-8566-9465d1ab968f', 30000, '2023-02-04T01:32:59.867Z', null, 'b0c2dbc8-b625-416c-a03c-27c9b46015a2'),('7cda8212-62e7-476c-8c83-d7d832187035', 15450, '2023-02-04T05:38:52.934Z', null, '42904060-7aac-4aee-9089-e33af992a658'),('d58a2bdd-9345-40f7-afc3-7ab5bf3e1682', 78500, '2023-02-04T21:08:07.296Z', null, '42904060-7aac-4aee-9089-e33af992a658'),('c44ffa3b-3152-408a-80b0-2c10c813bdc9', 6500, '2023-02-04T22:55:52.034Z', null, '42904060-7aac-4aee-9089-e33af992a658'),('de956c95-5f8c-4514-b9a1-52cc3ca2ded5', 88172, '2023-02-05T02:21:01.845Z', null, '42904060-7aac-4aee-9089-e33af992a658'),('1d5bc55a-387c-4d74-96ed-a99eb30fbd8d', 307200, '2023-02-05T18:48:09.355Z', 'Base giratoria tv', 'fe18f6f7-b589-4692-8deb-48d603748be7'),('66ca9347-53f2-4c9b-aa05-43a96fdaab2c', 200000, '2023-02-05T23:25:00.000Z', null, '1402b8fd-d7f9-4668-8571-9319cda86422'),('9537c2d8-c846-4753-9978-3b1867a6a989', 22860, '2023-02-06T01:47:57.175Z', null, 'fe18f6f7-b589-4692-8deb-48d603748be7'),('b0251310-0cab-486a-90f6-6e635edcff46', 80000, '2023-02-06T22:13:00.000Z', null, '1402b8fd-d7f9-4668-8571-9319cda86422'),('35c3b899-c904-4292-b516-e016cefb8dbb', 65000, '2023-02-07T01:30:47.239Z', null, '42904060-7aac-4aee-9089-e33af992a658'),('66178699-a755-4cae-b8c9-186bcc2c6102', 22500, '2023-02-07T03:01:45.615Z', null, '42904060-7aac-4aee-9089-e33af992a658'),('1848f319-74f1-4f52-9102-b5027e0b4111', 16000, '2023-02-08T00:13:40.530Z', null, '42904060-7aac-4aee-9089-e33af992a658'),('f5ebacd8-1222-4100-a383-6e055ffaae04', 207234, '2023-02-08T01:56:51.964Z', null, 'b0c2dbc8-b625-416c-a03c-27c9b46015a2'),('48950d3c-b226-48c6-a490-12446ad5f0b4', 25000, '2023-02-08T01:57:12.431Z', null, 'b0c2dbc8-b625-416c-a03c-27c9b46015a2'),('71144163-f5dc-4731-8281-95e37d93e494', 28798, '2023-02-08T17:14:13.748Z', null, 'fe18f6f7-b589-4692-8deb-48d603748be7'),('01faaec7-6b00-4e3a-8db0-caebf6da6304', 10500, '2023-02-09T02:27:17.028Z', null, '1402b8fd-d7f9-4668-8571-9319cda86422'),('eaebfdcc-f7be-4061-8ea6-938ff70be168', 500000, '2023-02-09T11:45:50.196Z', 'Retiro', 'fe18f6f7-b589-4692-8deb-48d603748be7'),('e3196e62-8306-4613-acca-4224157847fb', 34100, '2023-02-09T23:16:40.313Z', null, '1402b8fd-d7f9-4668-8571-9319cda86422'),('ae407a76-3fb4-4673-b628-d66e512518f7', 60000, '2023-02-11T05:00:00.000Z', null, '0f5fd820-7735-4a28-bcb3-096db83d03e8'),('ce80299a-2095-4e65-8396-b73da9bc3cdc', 67000, '2023-02-12T01:15:49.250Z', null, '42904060-7aac-4aee-9089-e33af992a658'),('13d39c15-aee2-40d9-ac96-03f54ef318fe', 17900, '2023-02-13T02:35:17.801Z', null, 'fe18f6f7-b589-4692-8deb-48d603748be7'),('93e45bed-9b29-4976-b086-c329f008d043', 70200, '2023-02-12T05:00:00.000Z', null, 'a66f79db-f344-4365-ad19-0ef52a4fc841'),('d4c38f19-744a-44eb-9c13-1c60cc44a7c1', 56400, '2023-02-12T05:00:00.000Z', null, '4b42d234-7ff1-427c-9630-465493b6ebd4'),('98607d4b-c386-4b1a-a882-3563bd85a574', 21000, '2023-02-13T05:22:50.398Z', null, '42904060-7aac-4aee-9089-e33af992a658'),('252d0932-754c-4a5b-b26a-c295ace0b605', 205845, '2023-02-13T18:05:20.171Z', null, 'b0c2dbc8-b625-416c-a03c-27c9b46015a2'),('479c0e71-a2d6-4ff6-8c3b-fa88d1d3cff4', 30000, '2023-02-13T22:23:41.866Z', null, '42904060-7aac-4aee-9089-e33af992a658'),('a89d249e-0c50-4ab6-b271-617fe7dbd859', 27500, '2023-02-13T23:54:46.125Z', null, '42904060-7aac-4aee-9089-e33af992a658'),('9729c344-57e1-4619-8439-4aec1b2c6bff', 48500, '2023-02-14T02:19:04.561Z', null, '42904060-7aac-4aee-9089-e33af992a658'),('d25df06b-cd86-447f-be90-ddc63ce27014', 82638, '2023-02-15T05:00:00.000Z', null, 'a66f79db-f344-4365-ad19-0ef52a4fc841'),('daa2b3b0-cc6a-488f-97e4-694df3ca78df', 10500, '2023-02-16T01:08:19.545Z', null, '1402b8fd-d7f9-4668-8571-9319cda86422'),('5ee44b74-386f-45be-92a7-c5b7b7d4e20f', 2500000, '2023-02-16T23:31:57.236Z', null, '1402b8fd-d7f9-4668-8571-9319cda86422'),('f08bf241-1d25-405d-aaba-fd18a0d86bc6', 6500, '2023-02-17T00:21:48.486Z', null, '1402b8fd-d7f9-4668-8571-9319cda86422'),('8fa09404-c171-4bbd-809a-1c04bb2f35f7', 94000, '2023-02-18T05:42:52.026Z', null, '42904060-7aac-4aee-9089-e33af992a658'),('6be93d91-1642-4458-a99b-d71987ea5585', 18480, '2023-02-18T05:00:00.000Z', null, '0b135e7a-00ff-411a-b0fd-6b24a85d0d62'),('8cd13395-d8d1-4611-82df-4fa812cc79b8', 157839, '2023-02-18T05:00:00.000Z', null, '2c2291a6-5618-47b6-a30f-aebd370269c2'),('eaaaecc5-0f05-4449-86c5-3b09ee782ae7', 24300, '2023-02-20T00:48:00.000Z', null, '42904060-7aac-4aee-9089-e33af992a658'),('84fd752b-7a5c-41b8-87a9-9531c51135f3', 39900, '2023-02-20T14:53:00.000Z', null, '9ef81cf5-f8e7-4c0f-8758-81ccacc934cc'),('f5c1cfbe-e551-4f3c-b067-4e8e45c1bcf4', 7500, '2023-02-20T18:39:07.631Z', null, '1402b8fd-d7f9-4668-8571-9319cda86422'),('1e4b6ce7-4d0a-402f-b253-d0f886046e2f', 45000, '2023-02-20T22:02:50.309Z', null, '42904060-7aac-4aee-9089-e33af992a658'),('d37b4eb1-af4e-40b6-a13e-f6fac2f7a17a', 70800, '2023-02-20T23:52:13.526Z', null, 'b0c2dbc8-b625-416c-a03c-27c9b46015a2'),('28b17c36-9e5d-4211-bf5f-5ef959beab92', 155148, '2023-02-22T04:37:11.550Z', null, '42904060-7aac-4aee-9089-e33af992a658'),('f0870fa3-c9b2-4094-9b06-797d757abe33', 7500, '2023-02-22T21:35:05.716Z', null, '1402b8fd-d7f9-4668-8571-9319cda86422'),('41ccafbd-76b1-4644-9b17-b400c471708a', 197020, '2023-02-22T05:00:00.000Z', null, 'fb54d1a9-f7cc-4605-8512-b84d987cc372'),('3ce9bdc9-7a83-4ff5-9c87-4098c0b08468', 50000, '2023-02-23T21:42:51.029Z', null, '1402b8fd-d7f9-4668-8571-9319cda86422'),('4f777a77-b905-4140-9632-da13dcb58619', 13500, '2023-02-24T01:23:40.493Z', null, '42904060-7aac-4aee-9089-e33af992a658'),('95d4cd07-4906-4ccf-a6ef-f6e58e756451', 50000, '2023-02-24T03:08:00.000Z', null, '0f5fd820-7735-4a28-bcb3-096db83d03e8'),('50ab2d8f-82f0-4451-b3c0-fb31b5719872', 24000, '2023-02-24T03:08:42.693Z', null, 'fe18f6f7-b589-4692-8deb-48d603748be7'),('46537b90-8232-413d-9284-f686ecac6f1d', 18000, '2023-02-24T22:31:55.383Z', null, '1402b8fd-d7f9-4668-8571-9319cda86422'),('cba539b8-5c0c-4b6f-a1a9-276fa0c3ab43', 14900, '2023-02-25T04:06:00.000Z', null, 'fe18f6f7-b589-4692-8deb-48d603748be7'),('38b0671b-2218-44ea-9e88-b981d6b064c7', 60083, '2023-02-26T01:17:14.829Z', null, '42904060-7aac-4aee-9089-e33af992a658'),('0fdfc5b2-1650-4256-9f17-00b7cc50782a', 300000, '2023-02-26T06:34:27.202Z', null, 'fe18f6f7-b589-4692-8deb-48d603748be7'),('a7021c18-e1db-4354-8162-65597ed6b654', 110620, '2023-02-26T06:34:42.232Z', null, 'b0c2dbc8-b625-416c-a03c-27c9b46015a2'),('8de402ac-9c26-4cf8-87c6-4d39807b0686', 82400, '2023-02-26T06:34:53.424Z', null, '42904060-7aac-4aee-9089-e33af992a658'),('70e87e65-e269-4135-8671-6ae00ca798e8', 12780960, '2023-02-27T19:13:55.578Z', null, 'aabff692-d707-474d-8558-82b1793db187'),('895c89f3-b401-4e0a-9193-31bac05ce763', 1914151, '2023-02-27T19:14:00.000Z', null, '0df5a64a-0d25-40d9-a184-2615f247be2a'),('6fb6ea22-e03b-45ea-bb24-f290d3d59fd4', 3219766, '2023-02-27T22:34:00.000Z', null, '1e35bcba-1e6b-4467-b164-1cecbc380247'),('e7ef6886-3519-4458-a5c6-af94330b5826', 49167, '2023-02-27T23:46:07.185Z', null, '42904060-7aac-4aee-9089-e33af992a658'),('68f88a0a-eccc-4ee4-8f27-7bd6868b05d0', 700000, '2023-03-02T00:45:00.000Z', null, '180bf572-802d-40d3-a444-ed2dd5946e5e'),('f45cb540-3518-4ac1-9602-669f6e7b1054', 27600, '2023-02-28T20:28:51.884Z', null, 'fe18f6f7-b589-4692-8deb-48d603748be7'),('afaf74ab-dc7a-46d3-8e21-9b2efd08c132', 12800, '2023-02-28T21:42:08.560Z', null, 'fe18f6f7-b589-4692-8deb-48d603748be7'),('ecf9737d-267d-443a-828b-fe8dc112ea43', 2119000, '2023-03-01T23:46:00.000Z', 'portatil', '1402b8fd-d7f9-4668-8571-9319cda86422'),('ce3a2879-ad0e-4088-8086-a73d7dc6b7b7', 825022, '2023-03-01T05:00:00.000Z', null, '7f1d9b81-dd8a-47c8-a32f-1345c88c4f15'),('0716e8e4-803d-4106-9c6e-34a3d689553a', 60000, '2023-03-02T00:55:00.000Z', null, '0f5fd820-7735-4a28-bcb3-096db83d03e8'),('99f144e1-848c-4f53-80a1-e3ae579b9b6f', 53000, '2023-03-02T01:56:00.000Z', null, '42904060-7aac-4aee-9089-e33af992a658'),('95a5f931-44ef-484f-a97d-4d8c0cff510b', 16900, '2023-03-02T13:20:00.000Z', null, '42904060-7aac-4aee-9089-e33af992a658'),('839c525a-9b31-4be6-ae97-7629c752339d', 60280, '2023-03-03T22:40:00.000Z', null, '42904060-7aac-4aee-9089-e33af992a658'),('5c4f4d97-fbbb-4b2b-9389-3cb8d5ec4e0b', 6500, '2023-03-03T23:01:00.000Z', null, '1402b8fd-d7f9-4668-8571-9319cda86422'),('9b0fb46a-3843-45f5-bb8c-f941662fd501', 71926, '2023-03-05T00:16:00.000Z', null, 'b0c2dbc8-b625-416c-a03c-27c9b46015a2'),('8c8cd664-27a1-40d9-bad2-f1da2df1d107', 14400, '2023-03-05T21:47:00.000Z', null, '1402b8fd-d7f9-4668-8571-9319cda86422'),('6f6c1178-752a-45b2-8789-bd015d039d99', 190000, '2023-03-07T20:30:00.000Z', null, '0f5fd820-7735-4a28-bcb3-096db83d03e8'),('70b5aaa4-b2ef-48f2-9a42-627454c8a3ec', 45000, '2023-03-07T21:31:56.300Z', null, '42904060-7aac-4aee-9089-e33af992a658'),('535b9b49-4a76-4890-b322-82579b3ec545', 39900, '2023-03-08T00:14:47.457Z', null, '42904060-7aac-4aee-9089-e33af992a658'),('7f08b02b-ed85-4750-94c3-fae77bbf9c3b', 25100, '2023-03-08T03:32:05.845Z', null, '42904060-7aac-4aee-9089-e33af992a658'),('ba020ce5-0f85-497c-a3f7-7f8971dcc758', 160000, '2023-03-08T22:07:59.108Z', null, '1402b8fd-d7f9-4668-8571-9319cda86422'),('93b5d464-dbc0-430e-95a9-74ca28d1df4b', 60000, '2023-03-08T22:18:40.271Z', null, '0f5fd820-7735-4a28-bcb3-096db83d03e8'),('b6ef1c47-1f5c-4c5f-bb54-325816ba2d6c', 40800, '2023-03-08T23:42:00.000Z', null, '42904060-7aac-4aee-9089-e33af992a658'),('99cd818d-c8cf-432c-b25b-5a1709adfb91', 31000, '2023-03-08T05:00:00.000Z', null, '42904060-7aac-4aee-9089-e33af992a658'),('55e06b1c-3e72-4037-aba0-e6fd0ac20a74', 22900, '2023-03-08T05:00:00.000Z', null, '42904060-7aac-4aee-9089-e33af992a658');
